timestamp,event,instId,side,price,sz,dip_pct,tp,sl,pnl,pnl_pct,reason
2026-07-15 20:25:54,OPEN,EGLD-USDT-SWAP,LONG,3.17,31,-8.6719,3.265,3.122,0,0,
2026-07-15 20:26:10,OPEN,H-USDT-SWAP,LONG,0.0574,1.7,-15.3018,0.05912,0.05654,0,0,
2026-07-15 20:29:37,OPEN,EGLD-USDT-SWAP,LONG,3.15,31,-9.1696,3.244,3.103,0,0,
2026-07-15 20:29:55,OPEN,H-USDT-SWAP,LONG,0.0575,1.7,-15.3416,0.05922,0.05664,0,0,
2026-07-15 20:33:23,OPEN,EGLD-USDT-SWAP,LONG,3.154,31,-8.7384,3.249,3.107,0,0,
2026-07-15 20:34:17,OPEN,EGLD-USDT-SWAP,LONG,3.153,31,-8.6881,3.248,3.106,0,0,
2026-07-15 20:34:30,OPEN,H-USDT-SWAP,LONG,0.05786,1.7,-14.7362,0.0596,0.05699,0,0,
2026-07-15 20:37:21,OPEN,EGLD-USDT-SWAP,LONG,3.166,31,-8.4707,3.293,3.103,0,0,
2026-07-15 20:37:36,OPEN,H-USDT-SWAP,LONG,0.05801,1.7,-14.4143,0.06033,0.05685,0,0,
2026-07-15 20:59:14,OPEN,JTO-USDT-SWAP,LONG,0.6186,16,-5.1227,0.6433,0.6062,0,0,
2026-07-15 21:56:37,OPEN,ZRO-USDT-SWAP,LONG,0.8115,12,-5.4637,0.844,0.7953,0,0,
2026-07-15 23:24:52,OPEN,BCH-USDT-SWAP,LONG,223.7,0.4,-5.2119,228.2,221.5,0,0,
2026-07-15 23:55:52,OPEN,USELESS-USDT-SWAP,LONG,0.08105,12,-5.4480,0.08267,0.08024,0,0,
2026-07-16 00:24:02,CLOSE,BCH-USDT-SWAP,LONG,221.5,0.4,0,0,0,-0.88,-0.98,SL
2026-07-16 00:24:03,OPEN,BCH-USDT-SWAP,LONG,221.5,0.4,-5.9448,225.9,219.3,0,0,
2026-07-16 00:29:46,OPEN,ARB-USDT-SWAP,LONG,0.08756,11.4,-5.2176,0.08931,0.08668,0,0,
2026-07-16 00:45:19,OPEN,CVX-USDT-SWAP,LONG,1.267,7,-5.0936,1.292,1.254,0,0,
2026-07-16 01:03:15,OPEN,HMSTR-USDT-SWAP,LONG,0.0001846,541,-5.2848,0.0001883,0.0001828,0,0,
2026-07-16 01:20:46,CLOSE,AVAX-USDT-SWAP,LONG,6.671,1.4,0,0,0,0.0728,-0.77,SL
2026-07-16 01:23:51,CLOSE,EGLD-USDT-SWAP,LONG,3.292,31,0,0,0,3.906,3.98,TP
2026-07-16 01:36:19,CLOSE,USELESS-USDT-SWAP,LONG,0.08275,12,0,0,0,0.0206,2.12,TP
2026-07-16 02:18:12,OPEN,KAITO-USDT-SWAP,LONG,0.7475,13,-5.6663,0.7624,0.74,0,0,
2026-07-16 03:30:53,OPEN,USELESS-USDT-SWAP,LONG,0.0802,12,-5.7579,0.0818,0.0794,0,0,
2026-07-16 03:41:15,CLOSE,H-USDT-SWAP,LONG,0.05687,1.7,0,0,0,-0.0021,-2.09,SL
2026-07-16 03:41:16,OPEN,H-USDT-SWAP,LONG,0.05687,1.7,-15.3846,0.05801,0.0563,0,0,
2026-07-16 03:44:07,OPEN,H-USDT-SWAP,LONG,0.05644,1.7,-16.1741,0.05757,0.05588,0,0,
2026-07-16 03:45:01,CLOSE,USELESS-USDT-SWAP,LONG,0.07937,12,0,0,0,-0.0095,-0.99,SL
2026-07-16 03:45:02,OPEN,USELESS-USDT-SWAP,LONG,0.07931,12,-7.9930,0.0809,0.07852,0,0,
2026-07-16 03:50:40,CLOSE,USELESS-USDT-SWAP,LONG,0.07764,12,0,0,0,-0.0208,-2.18,SL
2026-07-16 03:50:41,OPEN,USELESS-USDT-SWAP,LONG,0.07764,12,-10.2635,0.07919,0.07686,0,0,
2026-07-16 04:06:44,CLOSE,HMSTR-USDT-SWAP,LONG,0.000188,541,0,0,0,0.0017,1.73,TP
2026-07-16 04:06:53,CLOSE,KAITO-USDT-SWAP,LONG,0.7637,13,0,0,0,0.2054,2.11,TP
2026-07-16 04:12:23,CLOSE,H-USDT-SWAP,LONG,0.05709,1.7,0,0,0,0.0010,1.08,TP
2026-07-16 04:12:25,OPEN,H-USDT-SWAP,LONG,0.05708,1.7,-15.6619,0.05822,0.05651,0,0,
2026-07-16 04:18:56,CLOSE,USELESS-USDT-SWAP,LONG,0.07495,12,0,0,0,-0.0326,-3.50,SL
2026-07-16 04:18:57,OPEN,USELESS-USDT-SWAP,LONG,0.07495,13,-13.5525,0.07645,0.0742,0,0,
2026-07-16 04:35:02,OPEN,PI-USDT-SWAP,LONG,0.07551,132,-5.7539,0.07702,0.07475,0,0,
2026-07-16 04:46:23,CLOSE,PI-USDT-SWAP,LONG,0.07478,132,0,0,0,-0.0977,-0.98,SL
2026-07-16 04:46:24,OPEN,PI-USDT-SWAP,LONG,0.07478,133,-6.7581,0.07628,0.07403,0,0,
2026-07-16 04:49:14,OPEN,PI-USDT-SWAP,LONG,0.07407,135,-7.2734,0.07555,0.07333,0,0,
2026-07-16 04:49:53,CLOSE,H-USDT-SWAP,LONG,0.05816,1.7,0,0,0,0.0018,1.87,TP
2026-07-16 04:49:55,OPEN,H-USDT-SWAP,LONG,0.05816,1.7,-14.0662,0.05932,0.05758,0,0,
2026-07-16 04:52:45,OPEN,H-USDT-SWAP,LONG,0.05796,1.7,-14.4502,0.05912,0.05738,0,0,
2026-07-16 05:00:32,CLOSE,PI-USDT-SWAP,LONG,0.07352,135,0,0,0,-0.0648,-0.65,SL
2026-07-16 05:00:33,OPEN,PI-USDT-SWAP,LONG,0.07352,136,-7.8812,0.07499,0.07278,0,0,
2026-07-16 05:15:25,CLOSE,PI-USDT-SWAP,LONG,0.07486,136,0,0,0,0.1768,1.77,TP
2026-07-16 05:15:26,OPEN,PI-USDT-SWAP,LONG,0.07483,133,-7.6173,0.07633,0.07408,0,0,
2026-07-16 05:28:26,CLOSE,USELESS-USDT-SWAP,LONG,0.07615,13,0,0,0,0.0157,1.61,TP
2026-07-16 05:28:27,OPEN,USELESS-USDT-SWAP,LONG,0.07619,13,-10.9618,0.07771,0.07543,0,0,
2026-07-16 05:29:41,CLOSE,PI-USDT-SWAP,LONG,0.07238,133,0,0,0,-0.3312,-3.33,SL
2026-07-16 05:29:43,OPEN,PI-USDT-SWAP,LONG,0.07239,138,-12.6147,0.07384,0.07167,0,0,
2026-07-16 05:38:12,CLOSE,PI-USDT-SWAP,LONG,0.0739,138,0,0,0,0.2015,2.02,TP
2026-07-16 05:38:13,OPEN,PI-USDT-SWAP,LONG,0.0739,135,-11.6768,0.07538,0.07316,0,0,
2026-07-16 05:38:30,CLOSE,BCH-USDT-SWAP,LONG,224.5,0.4,0,0,0,1.16,1.31,TP
2026-07-16 05:42:40,CLOSE,USELESS-USDT-SWAP,LONG,0.07486,13,0,0,0,-0.0173,-1.74,SL
2026-07-16 05:42:41,OPEN,USELESS-USDT-SWAP,LONG,0.07486,13,-12.9636,0.07636,0.07411,0,0,
2026-07-16 06:06:14,CLOSE,USELESS-USDT-SWAP,LONG,0.07434,13,0,0,0,-0.0073,-0.75,SL
2026-07-16 06:06:15,OPEN,USELESS-USDT-SWAP,LONG,0.07434,13,-13.8985,0.07583,0.0736,0,0,
2026-07-16 06:08:19,CLOSE,JTO-USDT-SWAP,LONG,0.6064,16,0,0,0,-0.1968,-1.99,SL
2026-07-16 06:10:41,OPEN,BCH-USDT-SWAP,LONG,223.6,0.4,-5.2944,228.1,221.4,0,0,
2026-07-16 06:18:54,CLOSE,PI-USDT-SWAP,LONG,0.07506,135,0,0,0,0.1526,1.53,TP
2026-07-16 06:18:55,OPEN,PI-USDT-SWAP,LONG,0.07506,133,-9.4244,0.07656,0.07431,0,0,
2026-07-16 06:37:39,CLOSE,USELESS-USDT-SWAP,LONG,0.07346,13,0,0,0,-0.0113,-1.17,SL
2026-07-16 06:37:40,OPEN,USELESS-USDT-SWAP,LONG,0.07346,13,-15.0359,0.07493,0.07273,0,0,
2026-07-16 07:10:21,OPEN,EGLD-USDT-SWAP,LONG,3.122,32,-5.1928,3.184,3.091,0,0,
2026-07-16 07:22:40,CLOSE,USELESS-USDT-SWAP,LONG,0.07179,13,0,0,0,-0.0231,-2.42,SL
2026-07-16 07:22:41,OPEN,USELESS-USDT-SWAP,LONG,0.07179,13,-15.4517,0.07323,0.07107,0,0,
2026-07-16 07:29:55,OPEN,BONK-USDT-SWAP,LONG,0.000003562,28,-5.1903,0.00000363,0.00000353,0,0,
2026-07-16 07:31:12,CLOSE,USELESS-USDT-SWAP,LONG,0.07131,13,0,0,0,-0.0058,-0.63,SL
2026-07-16 07:31:13,OPEN,USELESS-USDT-SWAP,LONG,0.07131,14,-15.7391,0.07274,0.0706,0,0,
2026-07-16 07:36:36,CLOSE,ARB-USDT-SWAP,LONG,0.08755,11.4,0,0,0,0.0000,0,SL
2026-07-16 07:36:36,CLOSE,BCH-USDT-SWAP,LONG,223.7,0.4,0,0,0,0.00,0,SL
2026-07-16 07:36:36,CLOSE,BONK-USDT-SWAP,LONG,0.000003563,28,0,0,0,0.0000,0,SL
2026-07-16 07:36:36,CLOSE,CVX-USDT-SWAP,LONG,1.269,7,0,0,0,0.000,0,SL
2026-07-16 07:36:36,CLOSE,EGLD-USDT-SWAP,LONG,3.122,32,0,0,0,0.000,0,SL
2026-07-16 07:36:36,CLOSE,H-USDT-SWAP,LONG,0.05797,1.7,0,0,0,0.0000,0,SL
2026-07-16 07:36:37,CLOSE,USELESS-USDT-SWAP,LONG,0.07128,14,0,0,0,0.0000,0,SL
2026-07-16 07:36:37,CLOSE,ZRO-USDT-SWAP,LONG,0.8117,12,0,0,0,0.0000,0,SL
2026-07-16 07:38:10,OPEN,EGLD-USDT-SWAP,LONG,3.095,32,-5.6690,3.157,3.064,0,0,
2026-07-16 07:39:15,OPEN,USELESS-USDT-SWAP,LONG,0.06964,14,-17.4099,0.07103,0.06894,0,0,
2026-07-16 07:42:01,OPEN,USELESS-USDT-SWAP,LONG,0.06911,14,-18.2614,0.07049,0.06842,0,0,
2026-07-16 08:03:36,CLOSE,PI-USDT-SWAP,LONG,0.07406,133,0,0,0,-0.1303,-1.31,SL
2026-07-16 08:03:37,OPEN,PI-USDT-SWAP,LONG,0.07406,135,-10.3715,0.07554,0.07332,0,0,
2026-07-16 08:09:11,CLOSE,PI-USDT-SWAP,LONG,0.07335,135,0,0,0,-0.0891,-0.89,SL
2026-07-16 08:09:12,OPEN,PI-USDT-SWAP,LONG,0.07339,136,-11.8333,0.07486,0.07266,0,0,
2026-07-16 08:12:20,CLOSE,BONK-USDT-SWAP,LONG,0.000003531,28,0,0,0,0.0000,-0.90,SL
2026-07-16 08:12:21,OPEN,BONK-USDT-SWAP,LONG,0.000003531,28,-5.7646,0.0000036,0.0000035,0,0,
2026-07-16 08:12:51,OPEN,KAITO-USDT-SWAP,LONG,0.7403,13,-5.0897,0.7551,0.7329,0,0,
2026-07-16 08:13:37,CLOSE,USELESS-USDT-SWAP,LONG,0.06848,14,0,0,0,-0.0097,-1.00,SL
2026-07-16 08:13:38,OPEN,USELESS-USDT-SWAP,LONG,0.06848,14,-19.4542,0.06985,0.0678,0,0,
2026-07-16 08:15:21,CLOSE,CVX-USDT-SWAP,LONG,1.249,7,0,0,0,-0.140,-1.58,SL
2026-07-16 08:15:22,OPEN,CVX-USDT-SWAP,LONG,1.249,8,-5.3788,1.274,1.237,0,0,
2026-07-16 08:17:43,CLOSE,PI-USDT-SWAP,LONG,0.07278,136,0,0,0,-0.0898,-0.90,SL
2026-07-16 08:17:45,OPEN,PI-USDT-SWAP,LONG,0.0728,137,-12.6575,0.07426,0.07207,0,0,
2026-07-16 08:23:55,CLOSE,H-USDT-SWAP,LONG,0.05905,1.7,0,0,0,0.0018,1.86,TP
2026-07-16 08:23:56,OPEN,H-USDT-SWAP,LONG,0.05905,1.6,-14.3210,0.06023,0.05846,0,0,
2026-07-16 08:31:36,CLOSE,PI-USDT-SWAP,LONG,0.07421,137,0,0,0,0.1973,1.98,TP
2026-07-16 08:31:38,OPEN,PI-USDT-SWAP,LONG,0.07421,134,-10.5580,0.07569,0.07347,0,0,
2026-07-16 08:45:14,OPEN,WOO-USDT-SWAP,LONG,0.01192,83,-5.0955,0.01216,0.0118,0,0,
2026-07-16 08:47:02,CLOSE,H-USDT-SWAP,LONG,0.0598,1.6,0,0,0,0.0012,1.25,TP
2026-07-16 08:47:03,OPEN,H-USDT-SWAP,LONG,0.0598,1.6,-13.6711,0.061,0.0592,0,0,
2026-07-16 08:52:34,CLOSE,H-USDT-SWAP,LONG,0.05986,1.6,0,0,0,0.0000,0.02,TP
2026-07-16 08:52:35,OPEN,H-USDT-SWAP,LONG,0.05986,1.6,-13.2338,0.06106,0.05926,0,0,
2026-07-16 08:58:16,CLOSE,KAITO-USDT-SWAP,LONG,0.7331,13,0,0,0,-0.0936,-0.97,SL
2026-07-16 08:58:17,OPEN,KAITO-USDT-SWAP,LONG,0.7331,13,-6.4685,0.7478,0.7258,0,0,
2026-07-16 09:03:16,CLOSE,BCH-USDT-SWAP,LONG,221.3,0.4,0,0,0,-0.96,-1.07,SL
2026-07-16 09:03:17,OPEN,BCH-USDT-SWAP,LONG,221.3,0.4,-6.3875,225.7,219.1,0,0,
2026-07-16 09:19:49,OPEN,AERO-USDT-SWAP,LONG,0.4891,2,-5.0107,0.4989,0.4842,0,0,
2026-07-16 09:34:18,CLOSE,EGLD-USDT-SWAP,LONG,3.067,32,0,0,0,-0.896,-0.90,SL
2026-07-16 09:34:19,OPEN,EGLD-USDT-SWAP,LONG,3.067,32,-6.8064,3.128,3.036,0,0,
2026-07-16 09:37:17,CLOSE,H-USDT-SWAP,LONG,0.0592,1.6,0,0,0,-0.0011,-1.15,SL
2026-07-16 09:37:18,OPEN,H-USDT-SWAP,LONG,0.0592,1.6,-13.4629,0.06038,0.05861,0,0,
2026-07-16 09:57:06,CLOSE,H-USDT-SWAP,LONG,0.06036,1.6,0,0,0,0.0018,1.87,TP
2026-07-16 09:57:07,OPEN,H-USDT-SWAP,LONG,0.06036,1.6,-10.9603,0.06157,0.05976,0,0,
2026-07-16 09:59:59,OPEN,H-USDT-SWAP,LONG,0.06007,1.6,-11.6098,0.06127,0.05947,0,0,
2026-07-16 10:13:22,CLOSE,PI-USDT-SWAP,LONG,0.0756,134,0,0,0,0.1796,1.80,TP
2026-07-16 10:13:23,OPEN,PI-USDT-SWAP,LONG,0.0756,132,-8.4967,0.07711,0.07484,0,0,
2026-07-16 10:14:02,CLOSE,H-USDT-SWAP,LONG,0.0596,1.6,0,0,0,-0.0007,-0.77,SL
2026-07-16 10:14:03,OPEN,H-USDT-SWAP,LONG,0.0596,1.6,-12.1333,0.06079,0.059,0,0,
2026-07-16 10:14:12,CLOSE,KAITO-USDT-SWAP,LONG,0.7245,13,0,0,0,-0.1131,-1.19,SL
2026-07-16 10:14:14,OPEN,KAITO-USDT-SWAP,LONG,0.7245,13,-10.9404,0.739,0.7173,0,0,
2026-07-16 10:28:05,OPEN,HOME-USDT-SWAP,LONG,0.01278,7,-5.4734,0.01304,0.01265,0,0,
2026-07-16 10:31:45,CLOSE,USELESS-USDT-SWAP,LONG,0.06969,14,0,0,0,0.0171,1.78,TP
2026-07-16 10:31:46,OPEN,USELESS-USDT-SWAP,LONG,0.06969,14,-15.8333,0.07108,0.06899,0,0,
2026-07-16 10:42:17,CLOSE,KAITO-USDT-SWAP,LONG,0.7119,13,0,0,0,-0.1651,-1.75,SL
2026-07-16 10:42:18,OPEN,KAITO-USDT-SWAP,LONG,0.7119,14,-9.7146,0.7261,0.7048,0,0,
2026-07-16 10:47:46,CLOSE,HOME-USDT-SWAP,LONG,0.01297,7,0,0,0,0.0013,1.49,TP
2026-07-16 10:50:41,CLOSE,KAITO-USDT-SWAP,LONG,0.7066,14,0,0,0,-0.0742,-0.74,SL
2026-07-16 10:50:42,OPEN,KAITO-USDT-SWAP,LONG,0.7069,14,-10.8912,0.721,0.6998,0,0,
2026-07-16 11:11:02,CLOSE,USELESS-USDT-SWAP,LONG,0.07041,14,0,0,0,0.0101,1.03,TP
2026-07-16 11:11:03,OPEN,USELESS-USDT-SWAP,LONG,0.07036,14,-15.1267,0.07177,0.06966,0,0,
2026-07-16 11:13:06,CLOSE,KAITO-USDT-SWAP,LONG,0.721,14,0,0,0,0.196,1.98,TP
2026-07-16 11:13:07,OPEN,KAITO-USDT-SWAP,LONG,0.7207,13,-10.6053,0.7351,0.7135,0,0,
2026-07-16 11:29:13,CLOSE,PI-USDT-SWAP,LONG,0.07717,132,0,0,0,0.2086,2.09,TP
2026-07-16 11:29:14,OPEN,PI-USDT-SWAP,LONG,0.07715,129,-5.3839,0.07869,0.07638,0,0,
2026-07-16 11:30:46,CLOSE,USELESS-USDT-SWAP,LONG,0.06972,14,0,0,0,-0.0091,-0.92,SL
2026-07-16 11:30:48,OPEN,USELESS-USDT-SWAP,LONG,0.06972,14,-16.00,0.07111,0.06902,0,0,
2026-07-16 11:33:25,OPEN,SPX-USDT-SWAP,LONG,0.3619,27,-5.1625,0.3691,0.3583,0,0,
2026-07-16 11:41:06,OPEN,HOME-USDT-SWAP,LONG,0.01295,7,-5.0587,0.01321,0.01282,0,0,
2026-07-16 11:41:14,CLOSE,KAITO-USDT-SWAP,LONG,0.7131,13,0,0,0,-0.1014,-1.08,SL
2026-07-16 11:41:15,OPEN,KAITO-USDT-SWAP,LONG,0.7131,14,-11.5480,0.7274,0.706,0,0,
2026-07-16 11:52:58,CLOSE,HOME-USDT-SWAP,LONG,0.01286,7,0,0,0,-0.0007,-0.77,SL
2026-07-16 11:52:59,OPEN,HOME-USDT-SWAP,LONG,0.01286,7,-5.7875,0.01312,0.01273,0,0,
2026-07-16 12:04:18,CLOSE,KAITO-USDT-SWAP,LONG,0.7053,14,0,0,0,-0.1120,-1.12,SL
2026-07-16 12:04:19,OPEN,KAITO-USDT-SWAP,LONG,0.7053,14,-12.8721,0.7194,0.6982,0,0,
2026-07-16 12:09:43,CLOSE,H-USDT-SWAP,LONG,0.05856,1.6,0,0,0,-0.0017,-1.74,SL
2026-07-16 12:09:45,OPEN,H-USDT-SWAP,LONG,0.05856,1.7,-13.2444,0.05973,0.05797,0,0,
2026-07-16 12:09:57,OPEN,LA-USDT-SWAP,LONG,0.05482,18,-5.0572,0.05592,0.05427,0,0,
2026-07-16 12:12:42,CLOSE,AERO-USDT-SWAP,LONG,0.485,2,0,0,0,-0.0090,-0.92,SL
2026-07-16 12:12:43,OPEN,AERO-USDT-SWAP,LONG,0.485,2,-5.4765,0.4947,0.4802,0,0,
2026-07-16 12:26:40,CLOSE,PI-USDT-SWAP,LONG,0.07636,129,0,0,0,-0.1019,-1.02,SL
2026-07-16 12:26:41,OPEN,PI-USDT-SWAP,LONG,0.07636,130,-6.7530,0.07789,0.0756,0,0,
2026-07-16 12:33:00,CLOSE,HOME-USDT-SWAP,LONG,0.01255,7,0,0,0,-0.0022,-2.49,SL
2026-07-16 12:33:01,OPEN,HOME-USDT-SWAP,LONG,0.01255,7,-10.1646,0.0128,0.01242,0,0,
2026-07-16 12:33:08,CLOSE,KAITO-USDT-SWAP,LONG,0.7241,14,0,0,0,0.2587,2.62,TP
2026-07-16 12:33:09,OPEN,KAITO-USDT-SWAP,LONG,0.7241,13,-7.9222,0.7386,0.7169,0,0,
2026-07-16 12:37:58,CLOSE,PI-USDT-SWAP,LONG,0.07547,130,0,0,0,-0.1027,-1.04,SL
2026-07-16 12:37:59,OPEN,PI-USDT-SWAP,LONG,0.07549,132,-8.6077,0.077,0.07474,0,0,
2026-07-16 12:38:32,OPEN,FARTCOIN-USDT-SWAP,LONG,0.1432,69,-5.0398,0.1461,0.1418,0,0,
2026-07-16 12:43:38,CLOSE,AERO-USDT-SWAP,LONG,0.4802,2,0,0,0,-0.0096,-0.99,SL
2026-07-16 12:43:40,OPEN,AERO-USDT-SWAP,LONG,0.4802,2,-6.5759,0.4898,0.4754,0,0,
2026-07-16 12:50:02,OPEN,IOTA-USDT-SWAP,LONG,0.03566,28,-6.2073,0.03637,0.0353,0,0,
2026-07-16 12:50:03,OPEN,JTO-USDT-SWAP,LONG,0.5954,16,-5.1760,0.6073,0.5894,0,0,
2026-07-16 12:52:47,OPEN,AAVE-USDT-SWAP,LONG,93.95,1,-5.0339,95.83,93.01,0,0,
2026-07-16 12:57:01,CLOSE,SPX-USDT-SWAP,LONG,0.3585,27,0,0,0,-0.1134,-1.16,SL
2026-07-16 12:57:02,OPEN,SPX-USDT-SWAP,LONG,0.3585,27,-7.5793,0.3657,0.3549,0,0,
2026-07-16 12:59:11,OPEN,HYPE-USDT-SWAP,LONG,65.388,1,-5.1000,66.696,64.734,0,0,
2026-07-16 13:02:40,CLOSE,HOME-USDT-SWAP,LONG,0.01265,7,0,0,0,0.0006,0.72,TP
2026-07-16 13:02:41,OPEN,HOME-USDT-SWAP,LONG,0.01265,7,-9.1888,0.0129,0.01252,0,0,
2026-07-16 13:03:39,OPEN,WLD-USDT-SWAP,LONG,0.3987,25,-5.1843,0.4067,0.3947,0,0,
2026-07-16 13:05:39,CLOSE,KAITO-USDT-SWAP,LONG,0.7448,13,0,0,0,0.2704,2.87,TP
2026-07-16 13:17:11,CLOSE,EGLD-USDT-SWAP,LONG,3.122,32,0,0,0,1.728,1.76,TP
2026-07-16 13:20:22,OPEN,KAITO-USDT-SWAP,LONG,0.7344,13,-5.1653,0.7491,0.7271,0,0,
2026-07-16 13:25:57,CLOSE,KAITO-USDT-SWAP,LONG,0.7523,13,0,0,0,0.2431,2.55,TP
2026-07-16 13:26:20,OPEN,PEPE-USDT-SWAP,LONG,0.000002744,0.3,-5.3793,0.0000028,0.00000272,0,0,
2026-07-16 13:30:51,CLOSE,AERO-USDT-SWAP,LONG,0.4881,2,0,0,0,0.0156,1.62,TP
2026-07-16 13:30:52,OPEN,AERO-USDT-SWAP,LONG,0.4881,2,-6.6016,0.4979,0.4832,0,0,
2026-07-16 13:31:29,CLOSE,HOME-USDT-SWAP,LONG,0.01245,7,0,0,0,-0.0015,-1.66,SL
2026-07-16 13:31:30,OPEN,HOME-USDT-SWAP,LONG,0.01245,8,-10.0434,0.0127,0.01233,0,0,
2026-07-16 13:33:37,CLOSE,PI-USDT-SWAP,LONG,0.07645,132,0,0,0,0.1730,1.74,TP
2026-07-16 13:33:38,OPEN,PI-USDT-SWAP,LONG,0.07638,130,-8.3403,0.07791,0.07562,0,0,
2026-07-16 13:37:58,CLOSE,USELESS-USDT-SWAP,LONG,0.07085,14,0,0,0,0.0154,1.58,TP
2026-07-16 13:37:59,OPEN,USELESS-USDT-SWAP,LONG,0.07085,14,-15.7751,0.07227,0.07014,0,0,
2026-07-16 13:49:02,CLOSE,USELESS-USDT-SWAP,LONG,0.07025,14,0,0,0,-0.0087,-0.87,SL
2026-07-16 13:49:03,OPEN,USELESS-USDT-SWAP,LONG,0.0702,14,-14.7541,0.0716,0.0695,0,0,
2026-07-16 13:59:30,CLOSE,HOME-USDT-SWAP,LONG,0.01269,8,0,0,0,0.0020,2.01,TP
2026-07-16 13:59:32,OPEN,HOME-USDT-SWAP,LONG,0.01269,7,-8.5735,0.01294,0.01256,0,0,
2026-07-16 14:02:21,OPEN,HOME-USDT-SWAP,LONG,0.01253,7,-10.2436,0.01278,0.0124,0,0,
2026-07-16 14:08:44,CLOSE,SPX-USDT-SWAP,LONG,0.3658,27,0,0,0,0.1944,2.01,TP
2026-07-16 14:14:37,CLOSE,USELESS-USDT-SWAP,LONG,0.07126,14,0,0,0,0.0144,1.47,TP
2026-07-16 14:14:38,OPEN,USELESS-USDT-SWAP,LONG,0.07126,14,-13.1928,0.07269,0.07055,0,0,
2026-07-16 14:18:39,CLOSE,PI-USDT-SWAP,LONG,0.07547,130,0,0,0,-0.1196,-1.20,SL
2026-07-16 14:18:40,OPEN,PI-USDT-SWAP,LONG,0.07547,132,-9.0723,0.07698,0.07472,0,0,
2026-07-16 14:24:21,CLOSE,AERO-USDT-SWAP,LONG,0.4986,2,0,0,0,0.0206,2.11,TP
2026-07-16 14:30:40,CLOSE,HOME-USDT-SWAP,LONG,0.01229,7,0,0,0,-0.0018,-1.99,SL
2026-07-16 14:30:41,OPEN,HOME-USDT-SWAP,LONG,0.01228,8,-11.1433,0.01253,0.01216,0,0,
2026-07-16 14:33:38,OPEN,HOME-USDT-SWAP,LONG,0.01218,8,-11.9306,0.01242,0.01206,0,0,
2026-07-16 14:42:07,CLOSE,HOME-USDT-SWAP,LONG,0.01205,8,0,0,0,-0.0010,-1.07,SL
2026-07-16 14:42:08,OPEN,HOME-USDT-SWAP,LONG,0.01205,8,-12.9964,0.01229,0.01193,0,0,
2026-07-16 14:51:32,CLOSE,USELESS-USDT-SWAP,LONG,0.07056,14,0,0,0,-0.0109,-1.09,SL
2026-07-16 14:51:33,OPEN,USELESS-USDT-SWAP,LONG,0.07056,14,-13.9932,0.07197,0.06985,0,0,
2026-07-16 14:55:36,CLOSE,AAVE-USDT-SWAP,LONG,92.93,1,0,0,0,-0.99,-1.05,SL
2026-07-16 14:56:16,CLOSE,HOME-USDT-SWAP,LONG,0.0119,8,0,0,0,-0.0013,-1.33,SL
2026-07-16 14:56:17,OPEN,HOME-USDT-SWAP,LONG,0.0119,8,-14.8784,0.01214,0.01178,0,0,
2026-07-16 15:04:51,CLOSE,HOME-USDT-SWAP,LONG,0.01173,8,0,0,0,-0.0014,-1.51,SL
2026-07-16 15:04:52,OPEN,HOME-USDT-SWAP,LONG,0.01174,8,-16.1429,0.01197,0.01162,0,0,
2026-07-16 15:11:27,CLOSE,USELESS-USDT-SWAP,LONG,0.06988,14,0,0,0,-0.0103,-1.04,SL
2026-07-16 15:11:28,OPEN,USELESS-USDT-SWAP,LONG,0.06973,14,-14.4732,0.07112,0.06903,0,0,
2026-07-16 15:13:04,CLOSE,BONK-USDT-SWAP,LONG,0.000003609,28,0,0,0,0.0000,2.18,TP
2026-07-16 15:18:59,CLOSE,H-USDT-SWAP,LONG,0.05965,1.7,0,0,0,0.0019,1.86,TP
2026-07-16 15:19:00,OPEN,H-USDT-SWAP,LONG,0.05965,1.6,-10.2873,0.06084,0.05905,0,0,
2026-07-16 15:21:06,CLOSE,PI-USDT-SWAP,LONG,0.07483,132,0,0,0,-0.0818,-0.82,SL
2026-07-16 15:21:07,OPEN,PI-USDT-SWAP,LONG,0.07483,133,-7.8448,0.07633,0.07408,0,0,
2026-07-16 15:21:48,CLOSE,HOME-USDT-SWAP,LONG,0.01195,8,0,0,0,0.0016,1.70,TP
2026-07-16 15:21:50,OPEN,HOME-USDT-SWAP,LONG,0.01194,8,-13.6035,0.01218,0.01182,0,0,
2026-07-16 15:24:36,OPEN,HOME-USDT-SWAP,LONG,0.01184,8,-14.3890,0.01208,0.01172,0,0,
2026-07-16 15:35:11,CLOSE,PI-USDT-SWAP,LONG,0.07388,133,0,0,0,-0.1290,-1.30,SL
2026-07-16 15:35:12,OPEN,PI-USDT-SWAP,LONG,0.07388,135,-8.5757,0.07536,0.07314,0,0,
2026-07-16 15:37:30,CLOSE,PI-USDT-SWAP,LONG,0.07269,135,0,0,0,-0.1634,-1.64,SL
2026-07-16 15:37:32,OPEN,PI-USDT-SWAP,LONG,0.0727,137,-10.0581,0.07415,0.07197,0,0,
2026-07-16 15:41:53,CLOSE,HOME-USDT-SWAP,LONG,0.01208,8,0,0,0,0.0018,1.94,TP
2026-07-16 15:41:54,OPEN,HOME-USDT-SWAP,LONG,0.01207,8,-12.4093,0.01231,0.01195,0,0,
2026-07-16 15:44:49,CLOSE,PI-USDT-SWAP,LONG,0.07431,137,0,0,0,0.2274,2.28,TP
2026-07-16 15:44:50,OPEN,PI-USDT-SWAP,LONG,0.07431,134,-7.9980,0.0758,0.07357,0,0,
2026-07-16 15:49:14,CLOSE,JTO-USDT-SWAP,LONG,0.5898,16,0,0,0,-0.0912,-0.96,SL
2026-07-16 15:49:15,OPEN,JTO-USDT-SWAP,LONG,0.5898,16,-6.4700,0.6016,0.5839,0,0,
2026-07-16 15:52:45,CLOSE,HOME-USDT-SWAP,LONG,0.01187,8,0,0,0,-0.0016,-1.66,SL
2026-07-16 15:52:46,OPEN,HOME-USDT-SWAP,LONG,0.01187,8,-13.8607,0.01211,0.01175,0,0,
2026-07-16 15:54:32,CLOSE,H-USDT-SWAP,LONG,0.05896,1.6,0,0,0,-0.0011,-1.19,SL
2026-07-16 15:54:33,OPEN,H-USDT-SWAP,LONG,0.05896,1.6,-8.9702,0.06014,0.05837,0,0,
2026-07-16 16:01:42,CLOSE,HOME-USDT-SWAP,LONG,0.01174,8,0,0,0,-0.0010,-1.10,SL
2026-07-16 16:01:44,OPEN,HOME-USDT-SWAP,LONG,0.01174,8,-14.8658,0.01197,0.01162,0,0,
2026-07-16 16:04:24,CLOSE,USELESS-USDT-SWAP,LONG,0.06884,14,0,0,0,-0.0140,-1.43,SL
2026-07-16 16:04:25,OPEN,USELESS-USDT-SWAP,LONG,0.06889,14,-13.4548,0.07027,0.0682,0,0,
2026-07-16 16:06:54,CLOSE,CVX-USDT-SWAP,LONG,1.238,8,0,0,0,-0.104,-1.04,SL
2026-07-16 16:07:09,CLOSE,HOME-USDT-SWAP,LONG,0.01155,8,0,0,0,-0.0015,-1.62,SL
2026-07-16 16:07:11,OPEN,HOME-USDT-SWAP,LONG,0.01155,8,-16.1829,0.01178,0.01143,0,0,
2026-07-16 16:07:12,CLOSE,HYPE-USDT-SWAP,LONG,64.669,1,0,0,0,-0.719,-1.10,SL
2026-07-16 16:08:02,CLOSE,USELESS-USDT-SWAP,LONG,0.06822,14,0,0,0,-0.0097,-1.00,SL
2026-07-16 16:08:03,OPEN,USELESS-USDT-SWAP,LONG,0.06819,14,-14.1508,0.06955,0.06751,0,0,
2026-07-16 16:08:07,CLOSE,WLD-USDT-SWAP,LONG,0.3953,25,0,0,0,-0.0850,-0.85,SL
2026-07-16 16:08:18,CLOSE,PI-USDT-SWAP,LONG,0.07524,134,0,0,0,0.1126,1.13,TP
2026-07-16 16:08:20,OPEN,PI-USDT-SWAP,LONG,0.07524,132,-5.7733,0.07674,0.07449,0,0,
2026-07-16 16:19:22,OPEN,BONK-USDT-SWAP,LONG,0.000003548,28,-5.0829,0.00000362,0.00000351,0,0,
2026-07-16 16:25:05,CLOSE,HOME-USDT-SWAP,LONG,0.01144,8,0,0,0,-0.0009,-0.95,SL
2026-07-16 16:25:06,OPEN,HOME-USDT-SWAP,LONG,0.01144,8,-17.4007,0.01167,0.01133,0,0,
2026-07-16 16:29:54,OPEN,AAVE-USDT-SWAP,LONG,91.83,1,-5.1245,93.67,90.91,0,0,
2026-07-16 16:37:42,CLOSE,H-USDT-SWAP,LONG,0.05999,1.6,0,0,0,0.0016,1.74,TP
2026-07-16 16:42:08,CLOSE,USELESS-USDT-SWAP,LONG,0.06948,14,0,0,0,0.0175,1.83,TP
2026-07-16 16:42:09,OPEN,USELESS-USDT-SWAP,LONG,0.06948,14,-13.1934,0.07087,0.06879,0,0,
2026-07-16 16:46:39,OPEN,HYPE-USDT-SWAP,LONG,64.18,1,-5.0086,65.464,63.538,0,0,
2026-07-16 16:47:31,CLOSE,USELESS-USDT-SWAP,LONG,0.06865,14,0,0,0,-0.0116,-1.19,SL
2026-07-16 16:47:32,OPEN,USELESS-USDT-SWAP,LONG,0.06865,14,-14.8157,0.07002,0.06796,0,0,
2026-07-16 16:48:08,CLOSE,BONK-USDT-SWAP,LONG,0.000003497,28,0,0,0,0.0000,-1.44,SL
2026-07-16 16:48:09,OPEN,BONK-USDT-SWAP,LONG,0.000003499,28,-6.0923,0.00000357,0.00000346,0,0,
2026-07-16 16:48:21,CLOSE,FARTCOIN-USDT-SWAP,LONG,0.1423,69,0,0,0,-0.0621,-0.63,SL
2026-07-16 16:48:22,OPEN,FARTCOIN-USDT-SWAP,LONG,0.1423,70,-5.0067,0.1451,0.1409,0,0,
2026-07-16 16:48:31,CLOSE,HOME-USDT-SWAP,LONG,0.01133,8,0,0,0,-0.0010,-1.13,SL
2026-07-16 16:48:32,OPEN,HOME-USDT-SWAP,LONG,0.01133,8,-22.9252,0.01156,0.01122,0,0,
2026-07-16 16:57:24,CLOSE,HOME-USDT-SWAP,LONG,0.01127,8,0,0,0,-0.0006,-0.62,SL
2026-07-16 16:57:25,OPEN,HOME-USDT-SWAP,LONG,0.01127,8,-23.0717,0.0115,0.01116,0,0,
2026-07-16 17:02:30,OPEN,CVX-USDT-SWAP,LONG,1.233,8,-5.1538,1.258,1.221,0,0,
2026-07-16 17:02:46,CLOSE,HYPE-USDT-SWAP,LONG,63.599,1,0,0,0,-0.578,-0.90,SL
2026-07-16 17:02:47,OPEN,HYPE-USDT-SWAP,LONG,63.603,1,-5.8751,64.875,62.967,0,0,
2026-07-16 17:02:53,OPEN,JUP-USDT-SWAP,LONG,0.2013,4,-5.0472,0.2053,0.1993,0,0,
2026-07-16 17:08:56,CLOSE,USELESS-USDT-SWAP,LONG,0.06995,14,0,0,0,0.0186,1.94,TP
2026-07-16 17:08:57,OPEN,USELESS-USDT-SWAP,LONG,0.06995,14,-13.5566,0.07135,0.06925,0,0,
2026-07-16 17:11:39,CLOSE,HYPE-USDT-SWAP,LONG,63.148,1,0,0,0,-0.452,-0.71,SL
2026-07-16 17:11:40,OPEN,HYPE-USDT-SWAP,LONG,63.122,1,-6.8337,64.384,62.491,0,0,
2026-07-16 17:13:18,CLOSE,FARTCOIN-USDT-SWAP,LONG,0.1409,70,0,0,0,-0.0980,-0.98,SL
2026-07-16 17:13:19,OPEN,FARTCOIN-USDT-SWAP,LONG,0.1409,70,-6.1292,0.1437,0.1395,0,0,
2026-07-16 17:14:59,CLOSE,CVX-USDT-SWAP,LONG,1.221,8,0,0,0,-0.096,-0.97,SL
2026-07-16 17:15:00,OPEN,CVX-USDT-SWAP,LONG,1.221,8,-6.0046,1.245,1.209,0,0,
2026-07-16 17:15:44,CLOSE,PEPE-USDT-SWAP,LONG,0.000002724,0.3,0,0,0,0.0000,-0.73,SL
2026-07-16 17:17:53,CLOSE,USELESS-USDT-SWAP,LONG,0.06911,14,0,0,0,-0.0112,-1.14,SL
2026-07-16 17:17:54,OPEN,USELESS-USDT-SWAP,LONG,0.06911,14,-14.3512,0.07049,0.06842,0,0,
2026-07-16 17:18:29,CLOSE,BONK-USDT-SWAP,LONG,0.000003476,28,0,0,0,0.0000,-0.63,SL
2026-07-16 17:18:31,OPEN,BONK-USDT-SWAP,LONG,0.000003478,28,-6.4551,0.00000355,0.00000344,0,0,
2026-07-16 17:18:41,CLOSE,FARTCOIN-USDT-SWAP,LONG,0.14,70,0,0,0,-0.070,-0.71,SL
2026-07-16 17:18:43,OPEN,FARTCOIN-USDT-SWAP,LONG,0.14,71,-6.4796,0.1428,0.1386,0,0,
2026-07-16 17:18:51,CLOSE,HOME-USDT-SWAP,LONG,0.01146,8,0,0,0,0.0015,1.69,TP
2026-07-16 17:18:52,OPEN,HOME-USDT-SWAP,LONG,0.01146,8,-19.5225,0.01169,0.01135,0,0,
2026-07-16 17:18:53,CLOSE,HYPE-USDT-SWAP,LONG,62.349,1,0,0,0,-0.816,-1.29,SL
2026-07-16 17:18:54,OPEN,HYPE-USDT-SWAP,LONG,62.349,1,-7.9584,63.596,61.726,0,0,
2026-07-16 17:19:02,CLOSE,LA-USDT-SWAP,LONG,0.05443,18,0,0,0,-0.0072,-0.73,SL
2026-07-16 17:22:23,CLOSE,HOME-USDT-SWAP,LONG,0.0114,8,0,0,0,-0.0006,-0.61,SL
2026-07-16 17:22:24,OPEN,HOME-USDT-SWAP,LONG,0.0114,8,-19.9438,0.01163,0.01129,0,0,
2026-07-16 17:23:15,CLOSE,USELESS-USDT-SWAP,LONG,0.06809,14,0,0,0,-0.0147,-1.52,SL
2026-07-16 17:23:16,OPEN,USELESS-USDT-SWAP,LONG,0.06809,14,-15.2055,0.06945,0.06741,0,0,
2026-07-16 17:25:56,CLOSE,HOME-USDT-SWAP,LONG,0.01129,8,0,0,0,-0.0009,-0.96,SL
2026-07-16 17:25:57,OPEN,HOME-USDT-SWAP,LONG,0.01129,8,-20.2120,0.01152,0.01118,0,0,
2026-07-16 17:26:48,CLOSE,USELESS-USDT-SWAP,LONG,0.06758,14,0,0,0,-0.0070,-0.73,SL
2026-07-16 17:26:49,OPEN,USELESS-USDT-SWAP,LONG,0.06758,14,-16.3407,0.06893,0.0669,0,0,
2026-07-16 17:29:30,CLOSE,HOME-USDT-SWAP,LONG,0.0112,8,0,0,0,-0.0008,-0.88,SL
2026-07-16 17:29:31,OPEN,HOME-USDT-SWAP,LONG,0.0112,8,-20.9040,0.01142,0.01109,0,0,
2026-07-16 17:31:14,OPEN,GPS-USDT-SWAP,LONG,0.008875,112,-7.1847,0.009052,0.008786,0,0,
2026-07-16 17:31:18,OPEN,HOME-USDT-SWAP,LONG,0.0114,8,-18.6296,0.01163,0.01129,0,0,
2026-07-16 17:33:03,OPEN,GPS-USDT-SWAP,LONG,0.008784,113,-8.1268,0.00896,0.008696,0,0,
2026-07-16 17:33:07,OPEN,HOME-USDT-SWAP,LONG,0.01134,8,-18.8841,0.01157,0.01123,0,0,
2026-07-16 17:36:36,CLOSE,GPS-USDT-SWAP,LONG,0.008945,113,0,0,0,0.0184,1.86,TP
2026-07-16 17:36:37,OPEN,GPS-USDT-SWAP,LONG,0.008945,111,-6.4722,0.009124,0.008856,0,0,
2026-07-16 17:38:23,OPEN,GPS-USDT-SWAP,LONG,0.008798,113,-7.8840,0.008974,0.00871,0,0,
2026-07-16 17:38:27,CLOSE,HOME-USDT-SWAP,LONG,0.01125,8,0,0,0,-0.0007,-0.79,SL
2026-07-16 17:38:28,OPEN,HOME-USDT-SWAP,LONG,0.01125,8,-19.3548,0.01148,0.01114,0,0,
2026-07-16 17:47:11,CLOSE,GPS-USDT-SWAP,LONG,0.008941,113,0,0,0,0.0161,1.62,TP
2026-07-16 17:47:12,OPEN,GPS-USDT-SWAP,LONG,0.008949,111,-6.4304,0.009128,0.00886,0,0,
2026-07-16 17:55:56,CLOSE,WOO-USDT-SWAP,LONG,0.01182,83,0,0,0,-0.0075,-0.76,SL
2026-07-16 17:56:43,CLOSE,GPS-USDT-SWAP,LONG,0.008864,111,0,0,0,-0.0085,-0.86,SL
2026-07-16 17:56:44,OPEN,GPS-USDT-SWAP,LONG,0.008864,112,-7.3094,0.009041,0.008775,0,0,
2026-07-16 18:09:03,CLOSE,BONK-USDT-SWAP,LONG,0.000003454,28,0,0,0,0.0000,-0.69,SL
2026-07-16 18:09:04,OPEN,BONK-USDT-SWAP,LONG,0.000003454,28,-7.9915,0.00000349,0.00000342,0,0,
2026-07-16 18:10:05,OPEN,SPX-USDT-SWAP,LONG,0.357,28,-5.1289,0.3606,0.3534,0,0,
2026-07-16 18:23:09,CLOSE,USELESS-USDT-SWAP,LONG,0.06892,14,0,0,0,0.0175,1.85,TP
2026-07-16 18:23:11,OPEN,USELESS-USDT-SWAP,LONG,0.06892,14,-15.1963,0.06961,0.06823,0,0,
2026-07-16 18:37:24,CLOSE,USELESS-USDT-SWAP,LONG,0.06831,14,0,0,0,-0.0095,-0.99,SL
2026-07-16 18:37:26,OPEN,USELESS-USDT-SWAP,LONG,0.06831,14,-16.0192,0.06899,0.06763,0,0,
2026-07-16 18:38:03,OPEN,BRETT-USDT-SWAP,LONG,0.005087,19,-5.1110,0.005138,0.005036,0,0,
2026-07-16 18:43:19,CLOSE,BONK-USDT-SWAP,LONG,0.000003431,28,0,0,0,0.0000,-0.69,SL
2026-07-16 18:43:20,OPEN,BONK-USDT-SWAP,LONG,0.000003432,29,-8.5532,0.00000347,0.0000034,0,0,
2026-07-16 18:45:08,OPEN,BONK-USDT-SWAP,LONG,0.000003358,29,-10.5487,0.00000339,0.00000332,0,0,
2026-07-16 18:46:54,OPEN,BONK-USDT-SWAP,LONG,0.000003384,29,-9.6878,0.00000342,0.00000335,0,0,
2026-07-16 18:48:41,OPEN,BONK-USDT-SWAP,LONG,0.000003379,29,-9.9414,0.00000341,0.00000334,0,0,
2026-07-16 18:52:12,CLOSE,BONK-USDT-SWAP,LONG,0.000003429,29,0,0,0,0.0000,1.48,TP
2026-07-16 18:52:13,OPEN,BONK-USDT-SWAP,LONG,0.000003429,29,-8.3645,0.00000346,0.0000034,0,0,
2026-07-16 18:53:24,CLOSE,USELESS-USDT-SWAP,LONG,0.06859,14,0,0,0,0.0040,0.41,TP
2026-07-16 18:53:25,OPEN,USELESS-USDT-SWAP,LONG,0.06859,14,-15.7371,0.06928,0.0679,0,0,
2026-07-16 18:54:02,OPEN,BONK-USDT-SWAP,LONG,0.000003406,29,-8.9305,0.00000344,0.00000337,0,0,
2026-07-16 18:56:56,CLOSE,USELESS-USDT-SWAP,LONG,0.06781,14,0,0,0,-0.0111,-1.15,SL
2026-07-16 18:56:57,OPEN,USELESS-USDT-SWAP,LONG,0.06781,14,-16.7056,0.06849,0.06713,0,0,
2026-07-16 19:01:02,CLOSE,BONK-USDT-SWAP,LONG,0.000003436,29,0,0,0,0.0000,0.82,TP
2026-07-16 19:01:03,OPEN,BONK-USDT-SWAP,LONG,0.000003436,29,-8.2020,0.00000347,0.0000034,0,0,
2026-07-16 19:03:57,CLOSE,USELESS-USDT-SWAP,LONG,0.06844,14,0,0,0,0.0087,0.91,TP
2026-07-16 19:03:58,OPEN,USELESS-USDT-SWAP,LONG,0.06844,14,-15.9524,0.06912,0.06776,0,0,
2026-07-16 19:14:37,CLOSE,USELESS-USDT-SWAP,LONG,0.06802,14,0,0,0,-0.0064,-0.67,SL
2026-07-16 19:14:38,OPEN,USELESS-USDT-SWAP,LONG,0.06802,14,-16.2006,0.0687,0.06734,0,0,
2026-07-16 19:31:10,CLOSE,BONK-USDT-SWAP,LONG,0.000003469,29,0,0,0,0.0000,0.99,TP
2026-07-16 19:31:11,OPEN,BONK-USDT-SWAP,LONG,0.000003469,28,-7.0721,0.0000035,0.00000343,0,0,
2026-07-16 19:32:22,CLOSE,USELESS-USDT-SWAP,LONG,0.06865,14,0,0,0,0.0083,0.87,TP
2026-07-16 19:32:23,OPEN,USELESS-USDT-SWAP,LONG,0.06865,14,-15.5285,0.06934,0.06796,0,0,
2026-07-16 19:45:40,CLOSE,GPS-USDT-SWAP,LONG,0.008829,112,0,0,0,-0.0039,-0.39,SL
2026-07-16 19:45:41,OPEN,GPS-USDT-SWAP,LONG,0.008829,113,-7.4625,0.008917,0.008741,0,0,
2026-07-16 19:46:35,CLOSE,USELESS-USDT-SWAP,LONG,0.06797,14,0,0,0,-0.0095,-0.99,SL
2026-07-16 19:46:36,OPEN,USELESS-USDT-SWAP,LONG,0.06797,14,-16.3137,0.06865,0.06729,0,0,
2026-07-16 19:52:29,CLOSE,BONK-USDT-SWAP,LONG,0.000003444,28,0,0,0,0.0000,-0.72,SL
2026-07-16 19:52:30,OPEN,BONK-USDT-SWAP,LONG,0.000003444,29,-7.6180,0.00000348,0.00000341,0,0,
2026-07-16 19:56:00,CLOSE,SPX-USDT-SWAP,LONG,0.3606,28,0,0,0,0.1008,1.01,TP
2026-07-16 19:56:45,CLOSE,BONK-USDT-SWAP,LONG,0.000003449,29,0,0,0,0.0000,0.12,TP
2026-07-16 19:56:46,OPEN,BONK-USDT-SWAP,LONG,0.000003449,28,-7.4839,0.00000348,0.00000342,0,0,
2026-07-16 20:03:48,CLOSE,BONK-USDT-SWAP,LONG,0.000003477,28,0,0,0,0.0000,0.84,TP
2026-07-16 20:03:49,OPEN,BONK-USDT-SWAP,LONG,0.000003477,28,-6.9823,0.00000351,0.00000344,0,0,
2026-07-16 20:06:23,OPEN,PEOPLE-USDT-SWAP,LONG,0.00547,18,-5.0842,0.005525,0.005415,0,0,
2026-07-16 20:06:45,CLOSE,USELESS-USDT-SWAP,LONG,0.06848,14,0,0,0,0.0074,0.78,TP
2026-07-16 20:06:46,OPEN,USELESS-USDT-SWAP,LONG,0.06848,14,-15.7480,0.06916,0.0678,0,0,
2026-07-16 20:07:22,CLOSE,BONK-USDT-SWAP,LONG,0.000003553,28,0,0,0,0.0000,2.16,TP
2026-07-16 20:09:08,OPEN,BONK-USDT-SWAP,LONG,0.000003496,28,-6.4490,0.00000353,0.00000346,0,0,
2026-07-16 20:28:52,CLOSE,JTO-USDT-SWAP,LONG,0.5835,16,0,0,0,-0.1008,-1.07,SL
2026-07-16 20:28:53,OPEN,JTO-USDT-SWAP,LONG,0.5835,17,-6.0689,0.5893,0.5777,0,0,
2026-07-16 20:34:07,CLOSE,PI-USDT-SWAP,LONG,0.07666,132,0,0,0,0.1874,1.89,TP
2026-07-16 20:50:19,CLOSE,BONK-USDT-SWAP,LONG,0.000003466,28,0,0,0,0.0000,-0.86,SL
2026-07-16 20:50:20,OPEN,BONK-USDT-SWAP,LONG,0.000003466,28,-7.2021,0.0000035,0.00000343,0,0,
2026-07-16 20:59:32,CLOSE,USELESS-USDT-SWAP,LONG,0.069,14,0,0,0,0.0077,0.80,TP
2026-07-16 20:59:33,OPEN,USELESS-USDT-SWAP,LONG,0.069,14,-15.5343,0.06969,0.06831,0,0,
2026-07-16 21:19:54,CLOSE,BONK-USDT-SWAP,LONG,0.000003491,28,0,0,0,0.0000,0.84,TP
2026-07-16 21:19:55,OPEN,BONK-USDT-SWAP,LONG,0.000003491,28,-6.1811,0.00000353,0.00000346,0,0,
2026-07-16 21:28:01,OPEN,SPX-USDT-SWAP,LONG,0.3551,28,-6.4048,0.3587,0.3515,0,0,
2026-07-16 21:32:17,CLOSE,BRETT-USDT-SWAP,LONG,0.005135,19,0,0,0,0.0008,0.80,TP
2026-07-16 21:32:34,CLOSE,GPS-USDT-SWAP,LONG,0.008723,113,0,0,0,-0.0122,-1.22,SL
2026-07-16 21:32:35,OPEN,GPS-USDT-SWAP,LONG,0.008723,114,-7.9949,0.00881,0.008636,0,0,
2026-07-16 21:50:54,CLOSE,USELESS-USDT-SWAP,LONG,0.06819,14,0,0,0,-0.0116,-1.20,SL
2026-07-16 21:50:55,OPEN,USELESS-USDT-SWAP,LONG,0.06819,14,-16.8617,0.06887,0.06751,0,0,
2026-07-16 21:53:31,CLOSE,GPS-USDT-SWAP,LONG,0.008829,114,0,0,0,0.0122,1.22,TP
2026-07-16 21:53:32,OPEN,GPS-USDT-SWAP,LONG,0.008829,113,-6.6702,0.008917,0.008741,0,0,
2026-07-16 22:02:00,CLOSE,BONK-USDT-SWAP,LONG,0.000003528,28,0,0,0,0.0000,1.06,TP
2026-07-16 22:10:07,CLOSE,USELESS-USDT-SWAP,LONG,0.06742,14,0,0,0,-0.0109,-1.14,SL
2026-07-16 22:10:08,OPEN,USELESS-USDT-SWAP,LONG,0.06748,14,-17.8376,0.06815,0.06681,0,0,
2026-07-16 22:20:33,CLOSE,USELESS-USDT-SWAP,LONG,0.06649,14,0,0,0,-0.0160,-1.69,SL
2026-07-16 22:20:34,OPEN,USELESS-USDT-SWAP,LONG,0.06649,15,-18.8850,0.06715,0.06583,0,0,
2026-07-16 22:21:34,CLOSE,JTO-USDT-SWAP,LONG,0.5736,17,0,0,0,-0.1720,-1.73,SL
2026-07-16 22:21:35,OPEN,JTO-USDT-SWAP,LONG,0.5735,17,-7.3954,0.5792,0.5678,0,0,
2026-07-16 22:28:32,CLOSE,JTO-USDT-SWAP,LONG,0.5659,17,0,0,0,-0.1326,-1.36,SL
2026-07-16 22:28:34,OPEN,JTO-USDT-SWAP,LONG,0.566,17,-8.7685,0.5717,0.5603,0,0,
2026-07-16 22:30:13,CLOSE,HYPE-USDT-SWAP,LONG,61.741,1,0,0,0,-0.604,-0.97,SL
2026-07-16 22:30:14,OPEN,HYPE-USDT-SWAP,LONG,61.74,1,-7.8865,62.357,61.123,0,0,
2026-07-16 22:33:34,CLOSE,FARTCOIN-USDT-SWAP,LONG,0.1388,71,0,0,0,-0.0923,-0.93,SL
2026-07-16 22:33:35,OPEN,FARTCOIN-USDT-SWAP,LONG,0.1388,72,-8.0795,0.1402,0.1374,0,0,
2026-07-16 22:36:06,CLOSE,GPS-USDT-SWAP,LONG,0.008738,113,0,0,0,-0.0103,-1.03,SL
2026-07-16 22:36:07,OPEN,GPS-USDT-SWAP,LONG,0.008738,114,-7.7394,0.008825,0.008651,0,0,
2026-07-16 22:41:33,CLOSE,JUP-USDT-SWAP,LONG,0.1977,4,0,0,0,-0.0144,-1.79,SL
2026-07-16 22:42:08,CLOSE,SPX-USDT-SWAP,LONG,0.3516,28,0,0,0,-0.0952,-0.96,SL
2026-07-16 22:42:09,OPEN,SPX-USDT-SWAP,LONG,0.3516,28,-7.9581,0.3551,0.3481,0,0,
2026-07-16 22:42:23,CLOSE,WOO-USDT-SWAP,LONG,0.01181,83,0,0,0,-0.0083,-0.84,SL
2026-07-16 22:43:21,CLOSE,JTO-USDT-SWAP,LONG,0.5611,17,0,0,0,-0.0833,-0.87,SL
2026-07-16 22:43:22,OPEN,JTO-USDT-SWAP,LONG,0.5611,17,-9.0894,0.5667,0.5555,0,0,
2026-07-16 22:50:11,CLOSE,GPS-USDT-SWAP,LONG,0.008654,114,0,0,0,-0.0096,-0.96,SL
2026-07-16 22:50:12,OPEN,GPS-USDT-SWAP,LONG,0.008654,115,-8.8765,0.008741,0.008567,0,0,
2026-07-16 22:52:29,CLOSE,PEOPLE-USDT-SWAP,LONG,0.005415,18,0,0,0,-0.0010,-1.04,SL
2026-07-16 22:55:59,OPEN,PEOPLE-USDT-SWAP,LONG,0.005419,18,-6.0017,0.005473,0.005365,0,0,
2026-07-16 23:01:57,OPEN,AERO-USDT-SWAP,LONG,0.4767,2,-6.1060,0.4815,0.4719,0,0,
2026-07-16 23:11:58,CLOSE,HYPE-USDT-SWAP,LONG,61.191,1,0,0,0,-0.558,-0.90,SL
2026-07-16 23:11:59,OPEN,HYPE-USDT-SWAP,LONG,61.189,1,-9.0248,61.801,60.577,0,0,
2026-07-16 23:19:33,CLOSE,FARTCOIN-USDT-SWAP,LONG,0.1373,72,0,0,0,-0.1152,-1.15,SL
2026-07-16 23:19:34,OPEN,FARTCOIN-USDT-SWAP,LONG,0.1373,72,-8.8918,0.1387,0.1359,0,0,
2026-07-16 23:20:32,CLOSE,USELESS-USDT-SWAP,LONG,0.0658,15,0,0,0,-0.0094,-0.95,SL
2026-07-16 23:20:34,OPEN,USELESS-USDT-SWAP,LONG,0.0658,15,-19.5107,0.06646,0.06514,0,0,
2026-07-16 23:20:51,CLOSE,AAVE-USDT-SWAP,LONG,91.1,1,0,0,0,-0.71,-0.77,SL
2026-07-16 23:21:10,OPEN,BONK-USDT-SWAP,LONG,0.000003477,28,-6.4065,0.00000351,0.00000344,0,0,
2026-07-16 23:21:34,CLOSE,IOTA-USDT-SWAP,LONG,0.03535,28,0,0,0,-0.0084,-0.84,SL
2026-07-16 23:21:35,CLOSE,JTO-USDT-SWAP,LONG,0.5566,17,0,0,0,-0.0765,-0.80,SL
2026-07-16 23:21:36,OPEN,JTO-USDT-SWAP,LONG,0.5566,17,-9.5841,0.5622,0.551,0,0,
2026-07-16 23:28:30,CLOSE,HYPE-USDT-SWAP,LONG,60.671,1,0,0,0,-0.508,-0.83,SL
2026-07-16 23:28:31,OPEN,HYPE-USDT-SWAP,LONG,60.676,1,-9.4280,61.283,60.069,0,0,
2026-07-16 23:28:36,CLOSE,JTO-USDT-SWAP,LONG,0.5623,17,0,0,0,0.0969,1.02,TP
2026-07-16 23:28:37,OPEN,JTO-USDT-SWAP,LONG,0.5623,17,-8.8507,0.5679,0.5567,0,0,
2026-07-16 23:37:10,CLOSE,GPS-USDT-SWAP,LONG,0.008578,115,0,0,0,-0.0091,-0.91,SL
2026-07-16 23:37:11,OPEN,GPS-USDT-SWAP,LONG,0.008578,116,-10.4686,0.008664,0.008492,0,0,
2026-07-16 23:59:59,CLOSE,JTO-USDT-SWAP,LONG,0.5682,17,0,0,0,0.1003,1.05,TP
2026-07-17 00:00:00,OPEN,JTO-USDT-SWAP,LONG,0.5682,17,-7.8345,0.5739,0.5625,0,0,
2026-07-17 00:03:04,CLOSE,BONK-USDT-SWAP,LONG,0.000003437,28,0,0,0,0.0000,-1.15,SL
2026-07-17 00:03:05,OPEN,BONK-USDT-SWAP,LONG,0.000003437,29,-7.1332,0.00000347,0.0000034,0,0,
2026-07-17 00:03:16,CLOSE,FARTCOIN-USDT-SWAP,LONG,0.1355,72,0,0,0,-0.1296,-1.31,SL
2026-07-17 00:03:17,OPEN,FARTCOIN-USDT-SWAP,LONG,0.1355,73,-9.7870,0.1369,0.1341,0,0,
2026-07-17 00:04:15,CLOSE,USELESS-USDT-SWAP,LONG,0.06578,15,0,0,0,-0.0002,-0.02,SL
2026-07-17 00:04:16,OPEN,USELESS-USDT-SWAP,LONG,0.06578,15,-18.6395,0.06644,0.06512,0,0,
2026-07-17 00:08:04,CLOSE,AERO-USDT-SWAP,LONG,0.4721,2,0,0,0,-0.0092,-0.96,SL
2026-07-17 00:08:05,OPEN,AERO-USDT-SWAP,LONG,0.4721,2,-6.3294,0.4768,0.4674,0,0,
2026-07-17 00:08:48,OPEN,JUP-USDT-SWAP,LONG,0.1941,5,-6.5479,0.196,0.1922,0,0,
2026-07-17 00:09:46,OPEN,PI-USDT-SWAP,LONG,0.07447,134,-6.9474,0.07521,0.07373,0,0,
2026-07-17 00:10:27,CLOSE,HYPE-USDT-SWAP,LONG,61.328,1,0,0,0,0.648,1.07,TP
2026-07-17 00:10:28,OPEN,HYPE-USDT-SWAP,LONG,61.328,1,-8.6021,61.941,60.715,0,0,
2026-07-17 00:21:59,CLOSE,PI-USDT-SWAP,LONG,0.07534,134,0,0,0,0.1340,1.35,TP
2026-07-17 00:22:00,OPEN,PI-USDT-SWAP,LONG,0.07534,132,-6.0130,0.07609,0.07459,0,0,
2026-07-17 00:29:33,CLOSE,GPS-USDT-SWAP,LONG,0.008667,116,0,0,0,0.0101,1.01,TP
2026-07-17 00:29:34,OPEN,GPS-USDT-SWAP,LONG,0.008667,115,-9.1128,0.008754,0.00858,0,0,
2026-07-17 00:31:01,CLOSE,BONK-USDT-SWAP,LONG,0.000003401,29,0,0,0,0.0000,-1.05,SL
2026-07-17 00:31:02,OPEN,BONK-USDT-SWAP,LONG,0.000003401,29,-7.5815,0.00000344,0.00000337,0,0,
2026-07-17 00:37:23,CLOSE,USELESS-USDT-SWAP,LONG,0.06568,15,0,0,0,-0.0016,-0.17,SL
2026-07-17 00:37:24,OPEN,USELESS-USDT-SWAP,LONG,0.06568,15,-19.6870,0.06634,0.06502,0,0,
2026-07-17 00:40:53,CLOSE,USELESS-USDT-SWAP,LONG,0.06657,15,0,0,0,0.0126,1.28,TP
2026-07-17 00:40:54,OPEN,USELESS-USDT-SWAP,LONG,0.06657,15,-18.8764,0.06724,0.0659,0,0,
2026-07-17 00:54:53,CLOSE,USELESS-USDT-SWAP,LONG,0.06658,15,0,0,0,0.0003,0.03,TP
2026-07-17 00:54:54,OPEN,USELESS-USDT-SWAP,LONG,0.06658,15,-19.1696,0.06725,0.06591,0,0,
2026-07-17 01:00:58,CLOSE,GPS-USDT-SWAP,LONG,0.008821,115,0,0,0,0.0156,1.57,TP
2026-07-17 01:01:00,OPEN,GPS-USDT-SWAP,LONG,0.008821,113,-7.6625,0.008909,0.008733,0,0,
2026-07-17 01:03:14,CLOSE,PEOPLE-USDT-SWAP,LONG,0.005476,18,0,0,0,0.0010,1.05,TP
2026-07-17 01:10:30,CLOSE,AERO-USDT-SWAP,LONG,0.4766,2,0,0,0,0.0090,0.95,TP
2026-07-17 01:11:54,CLOSE,USELESS-USDT-SWAP,LONG,0.06719,15,0,0,0,0.0084,0.84,TP
2026-07-17 01:11:55,OPEN,USELESS-USDT-SWAP,LONG,0.06719,14,-18.3100,0.06786,0.06652,0,0,
2026-07-17 01:14:30,CLOSE,GPS-USDT-SWAP,LONG,0.008894,113,0,0,0,0.0078,0.78,TP
2026-07-17 01:14:31,OPEN,GPS-USDT-SWAP,LONG,0.008894,112,-6.6443,0.008983,0.008805,0,0,
2026-07-17 01:17:07,CLOSE,USELESS-USDT-SWAP,LONG,0.06655,14,0,0,0,-0.0090,-0.95,SL
2026-07-17 01:17:08,OPEN,USELESS-USDT-SWAP,LONG,0.06655,15,-18.7721,0.06722,0.06588,0,0,
2026-07-17 01:24:05,CLOSE,USELESS-USDT-SWAP,LONG,0.06586,15,0,0,0,-0.0102,-1.02,SL
2026-07-17 01:24:06,OPEN,USELESS-USDT-SWAP,LONG,0.06586,15,-19.7710,0.06652,0.0652,0,0,
2026-07-17 01:29:34,CLOSE,PI-USDT-SWAP,LONG,0.07608,132,0,0,0,0.0990,1.00,TP
2026-07-17 01:31:46,OPEN,EGLD-USDT-SWAP,LONG,3.094,32,-6.4126,3.125,3.063,0,0,
2026-07-17 01:32:04,CLOSE,JTO-USDT-SWAP,LONG,0.5622,17,0,0,0,-0.1037,-1.07,SL
2026-07-17 01:32:05,OPEN,JTO-USDT-SWAP,LONG,0.5622,17,-8.0922,0.5678,0.5566,0,0,
2026-07-17 01:35:37,OPEN,AERO-USDT-SWAP,LONG,0.4735,2,-6.1075,0.4782,0.4688,0,0,
2026-07-17 01:41:25,CLOSE,HYPE-USDT-SWAP,LONG,60.434,1,0,0,0,-0.911,-1.49,SL
2026-07-17 01:41:26,OPEN,HYPE-USDT-SWAP,LONG,60.448,1,-9.1021,61.052,59.844,0,0,
2026-07-17 01:46:05,CLOSE,AERO-USDT-SWAP,LONG,0.4687,2,0,0,0,-0.0096,-1.01,SL
2026-07-17 01:46:06,OPEN,AERO-USDT-SWAP,LONG,0.4687,2,-7.2432,0.4734,0.464,0,0,
2026-07-17 01:46:37,CLOSE,GPS-USDT-SWAP,LONG,0.008975,112,0,0,0,0.0087,0.88,TP
2026-07-17 01:46:38,OPEN,GPS-USDT-SWAP,LONG,0.008977,111,-7.1281,0.009067,0.008887,0,0,
2026-07-17 01:47:29,OPEN,TIA-USDT-SWAP,LONG,0.394,25,-6.1681,0.3979,0.3901,0,0,
2026-07-17 01:50:25,CLOSE,JTO-USDT-SWAP,LONG,0.5576,17,0,0,0,-0.0799,-0.84,SL
2026-07-17 01:50:26,OPEN,JTO-USDT-SWAP,LONG,0.5576,17,-9.5393,0.5632,0.552,0,0,
2026-07-17 01:51:03,CLOSE,SPX-USDT-SWAP,LONG,0.3487,28,0,0,0,-0.0980,-0.99,SL
2026-07-17 01:51:04,OPEN,SPX-USDT-SWAP,LONG,0.3487,28,-7.3592,0.3522,0.3452,0,0,
2026-07-17 01:51:13,CLOSE,USELESS-USDT-SWAP,LONG,0.06521,15,0,0,0,-0.0103,-1.04,SL
2026-07-17 01:51:15,OPEN,USELESS-USDT-SWAP,LONG,0.06521,15,-21.0055,0.06586,0.06456,0,0,
2026-07-17 01:51:56,CLOSE,CVX-USDT-SWAP,LONG,1.21,8,0,0,0,-0.088,-0.90,SL
2026-07-17 01:52:02,CLOSE,FARTCOIN-USDT-SWAP,LONG,0.1329,73,0,0,0,-0.1898,-1.92,SL
2026-07-17 01:52:04,OPEN,FARTCOIN-USDT-SWAP,LONG,0.1329,75,-11.400,0.1342,0.1316,0,0,
2026-07-17 01:52:13,CLOSE,HYPE-USDT-SWAP,LONG,60.154,1,0,0,0,-0.311,-0.51,SL
2026-07-17 01:52:14,OPEN,HYPE-USDT-SWAP,LONG,60.162,1,-9.8048,60.764,59.56,0,0,
2026-07-17 01:52:18,OPEN,INJ-USDT-SWAP,LONG,4.852,20,-6.0600,4.901,4.803,0,0,
2026-07-17 01:53:11,OPEN,WOO-USDT-SWAP,LONG,0.01166,85,-6.0435,0.01178,0.01154,0,0,
2026-07-17 01:53:44,CLOSE,BONK-USDT-SWAP,LONG,0.000003369,29,0,0,0,0.0000,-0.97,SL
2026-07-17 01:53:45,OPEN,BONK-USDT-SWAP,LONG,0.000003369,29,-8.2266,0.0000034,0.00000334,0,0,
2026-07-17 01:54:03,OPEN,GRASS-USDT-SWAP,LONG,0.3631,27,-6.0543,0.3667,0.3595,0,0,
2026-07-17 01:54:12,CLOSE,JUP-USDT-SWAP,LONG,0.192,5,0,0,0,-0.0105,-1.08,SL
2026-07-17 01:54:13,OPEN,JUP-USDT-SWAP,LONG,0.192,5,-7.6035,0.1939,0.1901,0,0,
2026-07-17 01:54:35,OPEN,PEOPLE-USDT-SWAP,LONG,0.005403,18,-6.0511,0.005457,0.005349,0,0,
2026-07-17 01:55:04,OPEN,WLD-USDT-SWAP,LONG,0.3853,25,-6.3214,0.3892,0.3814,0,0,
2026-07-17 01:55:19,OPEN,AAVE-USDT-SWAP,LONG,90.38,1.1,-6.2740,91.28,89.48,0,0,
2026-07-17 02:01:14,CLOSE,USELESS-USDT-SWAP,LONG,0.0658,15,0,0,0,0.0087,0.89,TP
2026-07-17 02:01:15,OPEN,USELESS-USDT-SWAP,LONG,0.0658,15,-20.1941,0.06646,0.06514,0,0,
2026-07-17 02:01:53,OPEN,BOME-USDT-SWAP,LONG,0.0003986,25,-6.0127,0.0004026,0.0003946,0,0,
2026-07-17 02:03:02,CLOSE,TIA-USDT-SWAP,LONG,0.3867,25,0,0,0,-0.1850,-1.88,SL
2026-07-17 02:03:03,OPEN,TIA-USDT-SWAP,LONG,0.3867,25,-8.1254,0.3906,0.3828,0,0,
2026-07-17 02:03:08,OPEN,UNI-USDT-SWAP,LONG,3.518,2,-6.1616,3.553,3.483,0,0,
2026-07-17 02:07:47,CLOSE,JTO-USDT-SWAP,LONG,0.563,17,0,0,0,0.0918,0.97,TP
2026-07-17 02:07:48,OPEN,JTO-USDT-SWAP,LONG,0.5629,17,-8.6646,0.5685,0.5573,0,0,
2026-07-17 02:10:18,OPEN,TAO-USDT-SWAP,LONG,189.6,5,-6.4628,191.5,187.7,0,0,
2026-07-17 02:10:24,CLOSE,USELESS-USDT-SWAP,LONG,0.06514,15,0,0,0,-0.0096,-0.97,SL
2026-07-17 02:10:25,OPEN,USELESS-USDT-SWAP,LONG,0.06514,15,-20.6964,0.06579,0.06449,0,0,
2026-07-17 02:11:02,CLOSE,BONK-USDT-SWAP,LONG,0.000003339,29,0,0,0,0.0000,-0.92,SL
2026-07-17 02:11:11,CLOSE,EGLD-USDT-SWAP,LONG,3.049,32,0,0,0,-1.472,-1.49,SL
2026-07-17 02:14:26,CLOSE,AERO-USDT-SWAP,LONG,0.4731,2,0,0,0,0.0086,0.92,TP
2026-07-17 02:14:27,OPEN,AERO-USDT-SWAP,LONG,0.4731,2,-6.8701,0.4778,0.4684,0,0,
2026-07-17 02:14:44,OPEN,BONK-USDT-SWAP,LONG,0.000003354,29,-8.3356,0.00000339,0.00000332,0,0,
2026-07-17 02:16:43,OPEN,EGLD-USDT-SWAP,LONG,3.058,32,-7.7248,3.089,3.027,0,0,
2026-07-17 02:25:05,OPEN,SYRUP-USDT-SWAP,LONG,0.1798,5,-6.5003,0.1816,0.178,0,0,
2026-07-17 02:25:58,CLOSE,EGLD-USDT-SWAP,LONG,3.083,32,0,0,0,0.640,0.65,TP
2026-07-17 02:25:59,OPEN,EIGEN-USDT-SWAP,LONG,0.2286,43,-6.2346,0.2309,0.2263,0,0,
2026-07-17 02:26:09,CLOSE,GRASS-USDT-SWAP,LONG,0.3666,27,0,0,0,0.0891,0.91,TP
2026-07-17 02:27:20,OPEN,PI-USDT-SWAP,LONG,0.0767,130,-7.1541,0.07747,0.07593,0,0,
2026-07-17 02:27:59,CLOSE,GPS-USDT-SWAP,LONG,0.008891,111,0,0,0,-0.0103,-1.03,SL
2026-07-17 02:32:33,CLOSE,TIA-USDT-SWAP,LONG,0.3835,25,0,0,0,-0.0825,-0.85,SL
2026-07-17 02:32:34,OPEN,TIA-USDT-SWAP,LONG,0.3835,26,-8.5816,0.3873,0.3797,0,0,
2026-07-17 02:38:06,CLOSE,TIA-USDT-SWAP,LONG,0.3806,26,0,0,0,-0.0780,-0.78,SL
2026-07-17 02:38:33,OPEN,AERO-USDT-SWAP,LONG,0.4753,2,-6.1784,0.4801,0.4705,0,0,
2026-07-17 02:48:09,CLOSE,EIGEN-USDT-SWAP,LONG,0.2266,43,0,0,0,-0.0903,-0.92,SL
2026-07-17 02:48:19,OPEN,GPS-USDT-SWAP,LONG,0.008885,112,-9.3275,0.008974,0.008796,0,0,
2026-07-17 02:49:30,CLOSE,PI-USDT-SWAP,LONG,0.07719,130,0,0,0,0.0637,0.64,TP
2026-07-17 02:49:50,OPEN,BIO-USDT-SWAP,LONG,0.02611,382,-6.4493,0.02637,0.02585,0,0,
2026-07-17 02:51:06,CLOSE,USELESS-USDT-SWAP,LONG,0.06443,15,0,0,0,-0.0110,-1.12,SL
2026-07-17 02:52:53,OPEN,TIA-USDT-SWAP,LONG,0.38,26,-9.1561,0.3838,0.3762,0,0,
2026-07-17 02:53:02,CLOSE,WLD-USDT-SWAP,LONG,0.3804,25,0,0,0,-0.1200,-1.25,SL
2026-07-17 02:59:21,OPEN,EIGEN-USDT-SWAP,LONG,0.2272,44,-8.4240,0.2295,0.2249,0,0,
2026-07-17 02:59:38,CLOSE,JUP-USDT-SWAP,LONG,0.194,5,0,0,0,0.0096,1.00,TP
2026-07-17 03:02:10,CLOSE,JTO-USDT-SWAP,LONG,0.5572,17,0,0,0,-0.0986,-1.03,SL
2026-07-17 03:02:11,OPEN,JTO-USDT-SWAP,LONG,0.557,17,-10.8086,0.5626,0.5514,0,0,
2026-07-17 03:07:53,OPEN,JUP-USDT-SWAP,LONG,0.1946,5,-6.3973,0.1965,0.1927,0,0,
2026-07-17 03:08:33,CLOSE,TAO-USDT-SWAP,LONG,191.6,5,0,0,0,9.5,1.00,TP
2026-07-17 03:08:38,CLOSE,UNI-USDT-SWAP,LONG,3.551,2,0,0,0,0.062,0.88,TP
2026-07-17 03:08:40,OPEN,USELESS-USDT-SWAP,LONG,0.06454,15,-21.9211,0.06519,0.06389,0,0,
2026-07-17 03:15:43,OPEN,GRASS-USDT-SWAP,LONG,0.3687,27,-6.2786,0.3724,0.365,0,0,
2026-07-17 03:15:51,CLOSE,JTO-USDT-SWAP,LONG,0.5612,17,0,0,0,0.0680,0.72,TP
2026-07-17 03:16:43,CLOSE,WOO-USDT-SWAP,LONG,0.01178,85,0,0,0,0.0094,0.94,TP
2026-07-17 03:17:43,OPEN,JTO-USDT-SWAP,LONG,0.5619,17,-9.1365,0.5675,0.5563,0,0,
2026-07-17 03:18:26,CLOSE,TIA-USDT-SWAP,LONG,0.3837,26,0,0,0,0.0962,0.97,TP
2026-07-17 03:18:27,OPEN,TIA-USDT-SWAP,LONG,0.3838,26,-7.0252,0.3876,0.38,0,0,
2026-07-17 03:19:07,CLOSE,BOME-USDT-SWAP,LONG,0.0004031,25,0,0,0,0.0001,1.18,TP
2026-07-17 03:19:26,CLOSE,GRASS-USDT-SWAP,LONG,0.3734,27,0,0,0,0.1242,1.25,TP
2026-07-17 03:20:44,CLOSE,AERO-USDT-SWAP,LONG,0.4804,2,0,0,0,0.0102,1.07,TP
2026-07-17 03:23:03,CLOSE,FARTCOIN-USDT-SWAP,LONG,0.1342,75,0,0,0,0.0900,0.90,TP
2026-07-17 03:23:04,OPEN,FARTCOIN-USDT-SWAP,LONG,0.1342,74,-10.6525,0.1355,0.1329,0,0,
2026-07-17 03:23:16,CLOSE,INJ-USDT-SWAP,LONG,4.901,20,0,0,0,1.000,1.03,TP
2026-07-17 03:25:28,CLOSE,BONK-USDT-SWAP,LONG,0.000003379,29,0,0,0,0.0000,0.75,TP
2026-07-17 03:25:29,OPEN,BONK-USDT-SWAP,LONG,0.000003379,29,-6.7862,0.00000341,0.00000334,0,0,
2026-07-17 03:28:23,CLOSE,SPX-USDT-SWAP,LONG,0.3522,28,0,0,0,0.0980,1.00,TP
2026-07-17 03:28:24,OPEN,SPX-USDT-SWAP,LONG,0.3522,28,-6.9485,0.3557,0.3487,0,0,
2026-07-17 03:28:51,CLOSE,AAVE-USDT-SWAP,LONG,91.18,1.1,0,0,0,0.880,0.89,TP
2026-07-17 03:30:22,CLOSE,USELESS-USDT-SWAP,LONG,0.06406,15,0,0,0,-0.0068,-0.70,SL
2026-07-17 03:30:23,OPEN,USELESS-USDT-SWAP,LONG,0.06406,15,-20.0350,0.0647,0.06342,0,0,
2026-07-17 03:40:05,CLOSE,EIGEN-USDT-SWAP,LONG,0.2304,44,0,0,0,0.1408,1.41,TP
2026-07-17 03:40:06,OPEN,EIGEN-USDT-SWAP,LONG,0.2303,43,-6.9871,0.2326,0.228,0,0,
2026-07-17 03:44:03,CLOSE,JUP-USDT-SWAP,LONG,0.1964,5,0,0,0,0.0085,0.87,TP
2026-07-17 03:44:49,CLOSE,USELESS-USDT-SWAP,LONG,0.06345,15,0,0,0,-0.0095,-0.98,SL
2026-07-17 03:44:50,OPEN,USELESS-USDT-SWAP,LONG,0.06345,15,-20.0176,0.06408,0.06282,0,0,
2026-07-17 03:47:31,CLOSE,GPS-USDT-SWAP,LONG,0.008804,112,0,0,0,-0.0097,-0.97,SL
2026-07-17 03:47:32,OPEN,GPS-USDT-SWAP,LONG,0.008804,113,-10.6737,0.008892,0.008716,0,0,
2026-07-17 03:54:29,CLOSE,BONK-USDT-SWAP,LONG,0.00000334,29,0,0,0,0.0000,-1.15,SL
2026-07-17 03:54:30,OPEN,BONK-USDT-SWAP,LONG,0.00000334,29,-7.9129,0.00000337,0.00000331,0,0,
2026-07-17 03:58:04,OPEN,BLUR-USDT-SWAP,LONG,0.01577,63,-6.1310,0.01593,0.01561,0,0,
2026-07-17 04:01:00,CLOSE,TIA-USDT-SWAP,LONG,0.3798,26,0,0,0,-0.1066,-1.07,SL
2026-07-17 04:01:01,OPEN,TIA-USDT-SWAP,LONG,0.3798,26,-7.8603,0.3836,0.376,0,0,
2026-07-17 04:02:55,OPEN,VANA-USDT-SWAP,LONG,1.213,82,-6.1146,1.225,1.201,0,0,
2026-07-17 04:04:43,CLOSE,USELESS-USDT-SWAP,LONG,0.06299,15,0,0,0,-0.0070,-0.74,SL
2026-07-17 04:04:45,OPEN,USELESS-USDT-SWAP,LONG,0.06299,15,-18.5228,0.06362,0.06236,0,0,
2026-07-17 04:08:19,CLOSE,USELESS-USDT-SWAP,LONG,0.06253,15,0,0,0,-0.0070,-0.75,SL
2026-07-17 04:08:20,OPEN,USELESS-USDT-SWAP,LONG,0.06253,15,-19.1388,0.06316,0.0619,0,0,
2026-07-17 04:14:23,CLOSE,BONK-USDT-SWAP,LONG,0.000003309,29,0,0,0,0.0000,-0.96,SL
2026-07-17 04:14:24,OPEN,BONK-USDT-SWAP,LONG,0.000003309,30,-8.8681,0.00000334,0.00000328,0,0,
2026-07-17 04:16:11,CLOSE,BLUR-USDT-SWAP,LONG,0.01591,63,0,0,0,0.0082,0.82,TP
2026-07-17 04:18:13,CLOSE,FARTCOIN-USDT-SWAP,LONG,0.1329,74,0,0,0,-0.0962,-0.97,SL
2026-07-17 04:18:14,OPEN,FARTCOIN-USDT-SWAP,LONG,0.1329,75,-11.0442,0.1342,0.1316,0,0,
2026-07-17 04:19:49,OPEN,BLUR-USDT-SWAP,LONG,0.01583,63,-6.2204,0.01599,0.01567,0,0,
2026-07-17 04:20:56,CLOSE,SYRUP-USDT-SWAP,LONG,0.178,5,0,0,0,-0.0095,-1.06,SL
2026-07-17 04:20:57,OPEN,SYRUP-USDT-SWAP,LONG,0.178,5,-11.00,0.1798,0.1762,0,0,
2026-07-17 04:20:59,CLOSE,TIA-USDT-SWAP,LONG,0.3761,26,0,0,0,-0.0936,-0.95,SL
2026-07-17 04:21:00,OPEN,TIA-USDT-SWAP,LONG,0.3761,26,-8.6471,0.3799,0.3723,0,0,
2026-07-17 04:21:05,CLOSE,VANA-USDT-SWAP,LONG,1.201,82,0,0,0,-0.984,-0.99,SL
2026-07-17 04:21:06,OPEN,VANA-USDT-SWAP,LONG,1.2,83,-7.0488,1.212,1.188,0,0,
2026-07-17 04:21:43,CLOSE,BONK-USDT-SWAP,LONG,0.000003291,30,0,0,0,0.0000,-0.57,SL
2026-07-17 04:21:44,OPEN,BONK-USDT-SWAP,LONG,0.000003291,30,-9.0381,0.00000332,0.00000326,0,0,
2026-07-17 04:22:11,OPEN,JUP-USDT-SWAP,LONG,0.1934,5,-6.1165,0.1953,0.1915,0,0,
2026-07-17 04:26:33,CLOSE,USELESS-USDT-SWAP,LONG,0.06342,15,0,0,0,0.0135,1.44,TP
2026-07-17 04:26:34,OPEN,USELESS-USDT-SWAP,LONG,0.06342,15,-16.7279,0.06405,0.06279,0,0,
2026-07-17 04:34:30,CLOSE,USELESS-USDT-SWAP,LONG,0.06294,15,0,0,0,-0.0072,-0.76,SL
2026-07-17 04:34:31,OPEN,USELESS-USDT-SWAP,LONG,0.06294,15,-17.2604,0.06357,0.06231,0,0,
2026-07-17 04:46:14,CLOSE,GPS-USDT-SWAP,LONG,0.008906,113,0,0,0,0.0119,1.19,TP
2026-07-17 04:46:15,OPEN,GPS-USDT-SWAP,LONG,0.008906,112,-8.3556,0.008995,0.008817,0,0,
2026-07-17 04:50:02,CLOSE,JUP-USDT-SWAP,LONG,0.1952,5,0,0,0,0.0080,0.83,TP
2026-07-17 05:01:32,CLOSE,USELESS-USDT-SWAP,LONG,0.06222,15,0,0,0,-0.0110,-1.16,SL
2026-07-17 05:01:33,OPEN,USELESS-USDT-SWAP,LONG,0.06222,16,-17.7419,0.06284,0.0616,0,0,
2026-07-17 05:02:30,OPEN,GRASS-USDT-SWAP,LONG,0.3719,26,-6.0384,0.3756,0.3682,0,0,
2026-07-17 05:11:38,CLOSE,HYPE-USDT-SWAP,LONG,59.684,1,0,0,0,-0.458,-0.76,SL
2026-07-17 05:11:39,OPEN,HYPE-USDT-SWAP,LONG,59.684,1,-10.3548,60.281,59.087,0,0,
2026-07-17 05:15:24,OPEN,JUP-USDT-SWAP,LONG,0.1951,5,-6.0664,0.1971,0.1931,0,0,
2026-07-17 05:22:34,CLOSE,HYPE-USDT-SWAP,LONG,59.097,1,0,0,0,-0.587,-0.98,SL
2026-07-17 05:22:36,OPEN,HYPE-USDT-SWAP,LONG,59.083,1,-11.4463,59.674,58.492,0,0,
2026-07-17 05:25:17,CLOSE,VANA-USDT-SWAP,LONG,1.208,83,0,0,0,0.581,0.58,TP
2026-07-17 05:25:18,OPEN,VANA-USDT-SWAP,LONG,1.208,82,-6.2112,1.22,1.196,0,0,
2026-07-17 05:25:23,OPEN,WLD-USDT-SWAP,LONG,0.3795,26,-6.0411,0.3833,0.3757,0,0,
2026-07-17 05:25:38,OPEN,AAVE-USDT-SWAP,LONG,90.63,1.1,-6.0926,91.54,89.72,0,0,
2026-07-17 05:26:21,OPEN,INJ-USDT-SWAP,LONG,4.854,20,-6.0759,4.903,4.805,0,0,
2026-07-17 05:26:23,CLOSE,JTO-USDT-SWAP,LONG,0.5541,17,0,0,0,-0.1343,-1.41,SL
2026-07-17 05:27:58,CLOSE,FARTCOIN-USDT-SWAP,LONG,0.1319,75,0,0,0,-0.0825,-0.83,SL
2026-07-17 05:30:42,CLOSE,SPX-USDT-SWAP,LONG,0.3477,28,0,0,0,-0.1260,-1.28,SL
2026-07-17 05:30:43,OPEN,SPX-USDT-SWAP,LONG,0.3477,28,-7.7474,0.3512,0.3442,0,0,
2026-07-17 05:31:38,CLOSE,EIGEN-USDT-SWAP,LONG,0.2279,43,0,0,0,-0.1075,-1.09,SL
2026-07-17 05:31:39,OPEN,EIGEN-USDT-SWAP,LONG,0.2279,43,-6.4834,0.2302,0.2256,0,0,
2026-07-17 05:34:05,CLOSE,BONK-USDT-SWAP,LONG,0.000003268,30,0,0,0,0.0000,-0.70,SL
2026-07-17 05:34:07,OPEN,BONK-USDT-SWAP,LONG,0.000003268,30,-9.8980,0.0000033,0.00000324,0,0,
2026-07-17 05:35:56,CLOSE,BIO-USDT-SWAP,LONG,0.02586,382,0,0,0,-0.0993,-1.00,SL
2026-07-17 05:35:58,OPEN,BIO-USDT-SWAP,LONG,0.02586,386,-7.3118,0.02612,0.0256,0,0,
2026-07-17 16:43:58,OPEN,NEAR-USDT-SWAP,LONG,1.923,0.5,-6.3778,1.942,1.904,0,0,
2026-07-17 16:44:16,OPEN,BONK-USDT-SWAP,LONG,0.000003192,31,-9.3182,0.00000322,0.00000316,0,0,
2026-07-17 16:44:28,CLOSE,BTC-USDT-SWAP,LONG,63488.9,0.27,0,0,0,129.573,0.76,TP
2026-07-17 16:44:36,OPEN,NEAR-USDT-SWAP,LONG,1.924,0.5,-6.3747,1.943,1.905,0,0,
2026-07-17 16:55:38,OPEN,PYTH-USDT-SWAP,LONG,0.04894,20,-5.0446,0.04943,0.04405,0,0,
2026-07-17 17:57:02,OPEN,TIA-USDT-SWAP,LONG,0.3833,26,-5.0768,0.391,0.345,0,0,
2026-07-17 19:13:20,CLOSE,NEAR-USDT-SWAP,LONG,1.919,0.5,0,0,0,-0.0030,-0.31,SL
2026-07-17 19:13:21,OPEN,NEAR-USDT-SWAP,LONG,1.919,0.5,-5.0940,1.957,1.727,0,0,
2026-07-17 19:15:22,OPEN,EIGEN-USDT-SWAP,LONG,0.2313,43,-5.1272,0.2359,0.2082,0,0,
2026-07-17 19:20:22,OPEN,ZRO-USDT-SWAP,LONG,0.7725,12,-5.0750,0.788,0.6952,0,0,
2026-07-17 23:41:30,CLOSE,EIGEN-USDT-SWAP,LONG,0.2359,43,0,0,0,0.1935,1.94,TP
2026-07-17 23:43:30,OPEN,MORPHO-USDT-SWAP,LONG,1.9576,5,-5.3385,1.9968,1.7618,0,0,
2026-07-17 23:44:40,OPEN,EIGEN-USDT-SWAP,LONG,0.2355,42,-5.0020,0.2402,0.212,0,0,
2026-07-18 01:31:31,CLOSE,ZRO-USDT-SWAP,LONG,0.7868,12,0,0,0,0.1716,1.85,TP
2026-07-18 01:46:01,CLOSE,PYTH-USDT-SWAP,LONG,0.04995,20,0,0,0,0.0200,2.04,TP
2026-07-18 08:28:31,OPEN,DYDX-USDT-SWAP,LONG,0.12151,82,-5.0184,0.12394,0.10936,0,0,
2026-07-18 09:16:09,OPEN,ONDO-USDT-SWAP,LONG,0.3502,2,-5.1976,0.3572,0.3152,0,0,
2026-07-18 11:46:41,OPEN,LDO-USDT-SWAP,LONG,0.3598,27,-5.0158,0.367,0.3238,0,0,
2026-07-18 12:26:53,OPEN,WLD-USDT-SWAP,LONG,0.3608,27,-5.3018,0.368,0.3247,0,0,
2026-07-18 12:34:09,CLOSE,WLD-USDT-SWAP,LONG,0.3658,27,0,0,0,0.1512,1.55,TP
2026-07-18 13:54:36,CLOSE,MORPHO-USDT-SWAP,LONG,1.9968,5,0,0,0,0.1926,1.97,TP
2026-07-18 18:04:10,OPEN,GALA-USDT-SWAP,LONG,0.002046,488,-5.0139,0.002087,0.001841,0,0,
