timestamp,event,instId,side,price,sz,dip_pct,pnl,pnl_pct,detail
2026-07-16 06:40:40,TRAIL_BUY_PLACED,PI-USDT-SWAP,BUY,0.07602,131,-10.1100,0,0,callback=0.3%
2026-07-16 06:41:40,TRAIL_BUY_PLACED,BCH-USDT-SWAP,BUY,223.8,0.4,-5.3700,0,0,callback=0.3%
2026-07-16 06:43:00,TRAIL_BUY_PLACED,H-USDT-SWAP,BUY,0.05812,1.7,-15.2399,0,0,callback=0.3%
2026-07-16 06:46:09,TRAIL_BUY_PLACED,USELESS-USDT-SWAP,BUY,0.07367,13,-14.9209,0,0,callback=0.3%
2026-07-16 06:46:42,TRAIL_BUY_PLACED,ZRO-USDT-SWAP,BUY,0.8167,12,-6.5454,0,0,callback=0.3%
2026-07-16 06:47:59,TPSL_PLACED,PI-USDT-SWAP,SELL,0.07615,131,0,0,0,TP=0.0792 SL=0.07501
2026-07-16 06:50:20,TPSL_PLACED,H-USDT-SWAP,SELL,0.05826,1.7,0,0,0,TP=0.06059 SL=0.05739
2026-07-16 06:53:31,TPSL_PLACED,USELESS-USDT-SWAP,SELL,0.07394,13,0,0,0,TP=0.0769 SL=0.07283
2026-07-16 06:56:20,TPSL_PLACED,BCH-USDT-SWAP,SELL,224.3,0.4,0,0,0,TP=233.3 SL=220.9
2026-07-16 07:11:50,TRAIL_BUY_PLACED,EGLD-USDT-SWAP,BUY,3.116,32,-5.2311,0,0,callback=0.3%
2026-07-16 07:22:51,CLOSED,USELESS-USDT-SWAP,LONG,0.07166,1.3,0,-0.0296,-3.08,SL
2026-07-16 07:22:52,TRAIL_BUY_PLACED,USELESS-USDT-SWAP,BUY,0.07166,13,-15.6048,0,0,callback=0.3%
2026-07-16 07:33:14,TRAIL_BUY_PLACED,BONK-USDT-SWAP,BUY,0.000003553,28,-5.5556,0,0,callback=0.3%
2026-07-16 07:39:06,TPSL_PLACED,BONK-USDT-SWAP,SELL,0.000003567,28,0,0,0,TP=0.00000371 SL=0.00000351
2026-07-16 07:39:32,TPSL_PLACED,EGLD-USDT-SWAP,SELL,3.099,32,0,0,0,TP=3.223 SL=3.053
2026-07-16 07:43:15,TRAIL_SELL_PLACED,USELESS-USDT-SWAP,SELL,0.069,13,0,0,0,reason=EMERGENCY_SL callback=0.3%
2026-07-16 07:43:47,TPSL_PLACED,ZRO-USDT-SWAP,SELL,0.812383333333333,12,0,0,0,TP=0.8449 SL=0.8002
2026-07-16 07:45:03,CLOSED,PI-USDT-SWAP,LONG,0.0745,131,0,-0.2162,-2.17,SL
2026-07-16 07:45:04,TRAIL_BUY_PLACED,PI-USDT-SWAP,BUY,0.0745,134,-9.9154,0,0,callback=0.3%
2026-07-16 07:54:11,TRAIL_BUY_PLACED,USELESS-USDT-SWAP,BUY,0.06917,14,-18.6427,0,0,callback=0.5%
2026-07-16 08:10:33,TRAIL_SELL_PLACED,PI-USDT-SWAP,SELL,0.07329,134,0,0,0,reason=EMERGENCY_SL callback=0.3%
2026-07-16 08:13:28,TRAIL_BUY_PLACED,KAITO-USDT-SWAP,BUY,0.7403,13,-5.3204,0,0,callback=0.5%
2026-07-16 08:17:55,CLOSED,PI-USDT-SWAP,LONG,0.07278,134,0,-0.2425,-2.43,SL
2026-07-16 08:17:56,TRAIL_BUY_PLACED,PI-USDT-SWAP,BUY,0.07278,137,-12.6815,0,0,callback=0.5%
2026-07-16 08:19:28,TRAIL_BUY_PLACED,CVX-USDT-SWAP,BUY,1.251,7,-5.2273,0,0,callback=0.5%
2026-07-16 08:20:46,TPSL_PLACED,KAITO-USDT-SWAP,SELL,0.7427,13,0,0,0,TP=0.7724 SL=0.7316
2026-07-16 08:25:08,TPSL_PLACED,PI-USDT-SWAP,SELL,0.0732,137,0,0,0,TP=0.07613 SL=0.0721
2026-07-16 08:27:27,TRAIL_SELL_PLACED,H-USDT-SWAP,SELL,0.05944,1.7,0,0,0,reason=LOCK_PROFIT callback=0.5%
2026-07-16 08:34:09,TPSL_PLACED,CVX-USDT-SWAP,SELL,1.255,7,0,0,0,TP=1.305 SL=1.236
2026-07-16 08:34:55,CLOSED,H-USDT-SWAP,LONG,0.05958,0.017,0,0.0022,2.27,TP
2026-07-16 08:34:56,TRAIL_BUY_PLACED,H-USDT-SWAP,BUY,0.05958,1.6,-13.8270,0,0,callback=0.5%
2026-07-16 08:45:32,TRAIL_BUY_PLACED,WOO-USDT-SWAP,BUY,0.01191,83,-5.1752,0,0,callback=0.5%
2026-07-16 09:01:24,TRAIL_SELL_PLACED,PI-USDT-SWAP,SELL,0.07465,137,0,0,0,reason=LOCK_PROFIT callback=0.5%
2026-07-16 09:04:10,CLOSED,KAITO-USDT-SWAP,LONG,0.7319,13,0,-0.1404,-1.45,SL
2026-07-16 09:04:11,TRAIL_BUY_PLACED,KAITO-USDT-SWAP,BUY,0.7319,13,-6.4904,0,0,callback=0.5%
2026-07-16 09:09:29,CLOSED,BCH-USDT-SWAP,LONG,221.1,4,0,-1.28,-1.43,SL
2026-07-16 09:09:30,TRAIL_BUY_PLACED,BCH-USDT-SWAP,BUY,221.1,0.4,-6.4721,0,0,callback=0.5%
2026-07-16 09:30:23,CLOSED,PI-USDT-SWAP,LONG,0.07482,137,0,0.2219,2.21,TP
2026-07-16 09:30:24,TRAIL_BUY_PLACED,PI-USDT-SWAP,BUY,0.07483,133,-9.2750,0,0,callback=0.5%
2026-07-16 09:59:31,TPSL_PLACED,PI-USDT-SWAP,SELL,0.0747,133,0,0,0,TP=0.07769 SL=0.07358
2026-07-16 10:31:35,TRAIL_SELL_PLACED,KAITO-USDT-SWAP,SELL,0.7212,13,0,0,0,reason=EMERGENCY_SL callback=0.3%
2026-07-16 10:34:27,TPSL_PLACED,WOO-USDT-SWAP,SELL,0.01192,45,0,0,0,TP=0.0124 SL=0.01174
2026-07-16 10:38:53,CLOSED,KAITO-USDT-SWAP,LONG,0.7195,13,0,-0.1768,-1.86,SL
2026-07-16 10:38:54,TRAIL_BUY_PLACED,KAITO-USDT-SWAP,BUY,0.7195,13,-8.8433,0,0,callback=0.5%
2026-07-16 10:43:26,TRAIL_SELL_PLACED,PI-USDT-SWAP,SELL,0.076,133,0,0,0,reason=LOCK_PROFIT callback=0.5%
2026-07-16 10:45:23,TRAIL_BUY_PLACED,AERO-USDT-SWAP,BUY,0.4931,2,-5.0635,0,0,callback=0.5%
2026-07-16 10:47:54,TPSL_PLACED,KAITO-USDT-SWAP,SELL,0.7111,11,0,0,0,TP=0.7395 SL=0.7004
2026-07-16 10:52:15,CLOSED,PI-USDT-SWAP,LONG,0.07573,133,0,0.1370,1.38,TP
2026-07-16 10:52:17,TRAIL_BUY_PLACED,PI-USDT-SWAP,BUY,0.07573,132,-7.2505,0,0,callback=0.5%
2026-07-16 11:12:15,TRAIL_SELL_PLACED,USELESS-USDT-SWAP,SELL,0.07034,14,0,0,0,reason=LOCK_PROFIT callback=0.5%
2026-07-16 11:14:04,TPSL_PLACED,PI-USDT-SWAP,SELL,0.07575,132,0,0,0,TP=0.07878 SL=0.07461
2026-07-16 11:16:57,TRAIL_SELL_PLACED,KAITO-USDT-SWAP,SELL,0.7228,11,0,0,0,reason=LOCK_PROFIT callback=0.5%
2026-07-16 11:19:36,CLOSED,USELESS-USDT-SWAP,LONG,0.06997,1.4,0,0.0104,1.07,TP
2026-07-16 11:19:38,TRAIL_BUY_PLACED,USELESS-USDT-SWAP,BUY,0.06997,14,-15.4237,0,0,callback=0.5%
2026-07-16 11:25:01,CLOSED,KAITO-USDT-SWAP,LONG,0.7186,11,0,0.0825,1.05,TP
2026-07-16 11:25:03,TRAIL_BUY_PLACED,KAITO-USDT-SWAP,BUY,0.7184,13,-10.4351,0,0,callback=0.5%
2026-07-16 11:27:39,TPSL_PLACED,USELESS-USDT-SWAP,SELL,0.07022,14,0,0,0,TP=0.07303 SL=0.06917
2026-07-16 11:29:27,TRAIL_SELL_PLACED,PI-USDT-SWAP,SELL,0.07705,132,0,0,0,reason=LOCK_PROFIT callback=0.5%
2026-07-16 11:34:31,TPSL_PLACED,KAITO-USDT-SWAP,SELL,0.721746153846154,13,0,0,0,TP=0.7506 SL=0.7109
2026-07-16 11:37:55,CLOSED,PI-USDT-SWAP,LONG,0.07705,132,0,0.1716,1.72,TP
2026-07-16 11:37:56,TRAIL_BUY_PLACED,PI-USDT-SWAP,BUY,0.07705,129,-5.3789,0,0,callback=0.5%
2026-07-16 11:42:30,TPSL_PLACED,PI-USDT-SWAP,SELL,0.0774,129,0,0,0,TP=0.0805 SL=0.07624
2026-07-16 11:48:25,TRAIL_BUY_PLACED,HOME-USDT-SWAP,BUY,0.01287,7,-5.5759,0,0,callback=0.5%
2026-07-16 11:52:59,TPSL_PLACED,HOME-USDT-SWAP,SELL,0.01287,2,0,0,0,TP=0.01338 SL=0.01268
2026-07-16 12:02:21,CLOSED,KAITO-USDT-SWAP,LONG,0.7078,13,0,-0.1813,-1.93,SL
2026-07-16 12:02:23,TRAIL_BUY_PLACED,KAITO-USDT-SWAP,BUY,0.7078,14,-11.0021,0,0,callback=0.5%
2026-07-16 12:03:46,TRAIL_BUY_PLACED,TIA-USDT-SWAP,BUY,0.4004,24,-5.0059,0,0,callback=0.5%
2026-07-16 12:06:09,TRAIL_BUY_PLACED,KAITO-USDT-SWAP,BUY,0.7057,14,-11.4999,0,0,callback=0.5%
2026-07-16 12:10:56,TRAIL_SELL_PLACED,H-USDT-SWAP,SELL,0.05845,1.6,0,0,0,reason=EMERGENCY_SL callback=0.3%
2026-07-16 12:11:15,TPSL_PLACED,KAITO-USDT-SWAP,SELL,0.7059,11,0,0,0,TP=0.7341 SL=0.6953
2026-07-16 12:11:19,TRAIL_BUY_PLACED,LA-USDT-SWAP,BUY,0.05484,18,-5.0883,0,0,callback=0.5%
2026-07-16 12:15:34,CLOSED,H-USDT-SWAP,LONG,0.05876,0.016,0,-0.0015,-1.57,SL
2026-07-16 12:15:36,TRAIL_BUY_PLACED,H-USDT-SWAP,BUY,0.05876,1.7,-12.6635,0,0,callback=0.5%
2026-07-16 12:20:10,TPSL_PLACED,H-USDT-SWAP,SELL,0.05905,1.3,0,0,0,TP=0.06141 SL=0.05816
2026-07-16 12:25:10,TRAIL_BUY_PLACED,LA-USDT-SWAP,BUY,0.05472,18,-5.7039,0,0,callback=0.5%
2026-07-16 12:28:04,CLOSED,PI-USDT-SWAP,LONG,0.07627,129,0,-0.1458,-1.46,SL
2026-07-16 12:28:05,TRAIL_BUY_PLACED,PI-USDT-SWAP,BUY,0.07627,131,-6.8629,0,0,callback=0.5%
2026-07-16 12:32:54,TRAIL_BUY_PLACED,AERO-USDT-SWAP,BUY,0.4841,2,-5.6887,0,0,callback=0.5%
2026-07-16 12:34:07,CLOSED,HOME-USDT-SWAP,LONG,0.01263,0.02,0,-0.0005,-1.86,SL
2026-07-16 12:34:09,TRAIL_BUY_PLACED,HOME-USDT-SWAP,BUY,0.01264,7,-9.6497,0,0,callback=0.5%
2026-07-16 12:34:25,TRAIL_SELL_PLACED,KAITO-USDT-SWAP,SELL,0.7279,11,0,0,0,reason=LOCK_PROFIT callback=0.5%
2026-07-16 12:38:26,TRAIL_BUY_PLACED,FARTCOIN-USDT-SWAP,BUY,0.1431,69,-5.1061,0,0,callback=0.5%
2026-07-16 12:38:58,CLOSED,KAITO-USDT-SWAP,LONG,0.7318,11,0,0.2849,3.67,TP
2026-07-16 12:38:59,TRAIL_BUY_PLACED,KAITO-USDT-SWAP,BUY,0.7318,13,-6.6820,0,0,callback=0.5%
2026-07-16 12:40:09,TRAIL_BUY_PLACED,SPX-USDT-SWAP,BUY,0.3609,27,-5.2009,0,0,callback=0.5%
2026-07-16 12:40:29,CLOSED,USELESS-USDT-SWAP,LONG,0.06955,1.4,0,-0.0094,-0.95,SL
2026-07-16 12:40:31,TRAIL_BUY_PLACED,USELESS-USDT-SWAP,BUY,0.06955,14,-14.2099,0,0,callback=0.5%
2026-07-16 12:41:59,TPSL_PLACED,PI-USDT-SWAP,SELL,0.07541,131,0,0,0,TP=0.07843 SL=0.07428
2026-07-16 12:43:20,TPSL_PLACED,HOME-USDT-SWAP,SELL,0.01262,7,0,0,0,TP=0.01312 SL=0.01243
2026-07-16 12:47:16,CLOSED,BONK-USDT-SWAP,LONG,0.000003523,0.00028,0,0.0000,-1.23,SL
2026-07-16 12:47:18,TRAIL_BUY_PLACED,BONK-USDT-SWAP,BUY,0.000003523,28,-6.5269,0,0,callback=0.5%
2026-07-16 12:48:10,TRAIL_BUY_PLACED,IOTA-USDT-SWAP,BUY,0.03564,28,-5.5894,0,0,callback=0.5%
2026-07-16 12:48:15,TPSL_PLACED,KAITO-USDT-SWAP,SELL,0.7306,12,0,0,0,TP=0.7598 SL=0.7196
2026-07-16 12:49:45,TPSL_PLACED,USELESS-USDT-SWAP,SELL,0.06949,14,0,0,0,TP=0.07227 SL=0.06845
2026-07-16 12:51:19,TRAIL_BUY_PLACED,AAVE-USDT-SWAP,BUY,93.93,1,-5.1212,0,0,callback=0.5%
2026-07-16 12:51:24,TRAIL_BUY_PLACED,AERO-USDT-SWAP,BUY,0.4831,2,-6.7555,0,0,callback=0.5%
2026-07-16 12:52:20,TPSL_PLACED,FARTCOIN-USDT-SWAP,SELL,0.1433,4,0,0,0,TP=0.149 SL=0.1412
2026-07-16 12:52:51,TRAIL_BUY_PLACED,JTO-USDT-SWAP,BUY,0.5955,16,-5.2506,0,0,callback=0.5%
2026-07-16 12:57:13,CLOSED,H-USDT-SWAP,LONG,0.05851,0.013,0,-0.0007,-0.91,SL
2026-07-16 12:57:15,TRAIL_BUY_PLACED,H-USDT-SWAP,BUY,0.05847,1.7,-13.0558,0,0,callback=0.5%
2026-07-16 12:59:14,TRAIL_BUY_PLACED,WLD-USDT-SWAP,BUY,0.3984,25,-5.0524,0,0,callback=0.5%
2026-07-16 13:01:56,TPSL_PLACED,H-USDT-SWAP,SELL,0.0587,1,0,0,0,TP=0.06105 SL=0.05782
2026-07-16 13:02:03,TRAIL_BUY_PLACED,HYPE-USDT-SWAP,BUY,65.432,1,-5.0196,0,0,callback=0.5%
2026-07-16 13:05:22,TRAIL_BUY_PLACED,AERO-USDT-SWAP,BUY,0.485,2,-6.8204,0,0,callback=0.5%
2026-07-16 13:06:47,TRAIL_SELL_PLACED,KAITO-USDT-SWAP,SELL,0.743,12,0,0,0,reason=LOCK_PROFIT callback=0.5%
2026-07-16 13:06:51,TRAIL_BUY_PLACED,LA-USDT-SWAP,BUY,0.05479,18,-5.4367,0,0,callback=0.5%
2026-07-16 13:07:58,TPSL_PLACED,SPX-USDT-SWAP,SELL,0.3601,1,0,0,0,TP=0.3745 SL=0.3547
2026-07-16 13:09:56,TRAIL_BUY_PLACED,AERO-USDT-SWAP,BUY,0.4881,2,-6.2068,0,0,callback=0.5%
2026-07-16 13:11:18,TRAIL_BUY_PLACED,IOTA-USDT-SWAP,BUY,0.03577,27,-6.2139,0,0,callback=0.5%
2026-07-16 13:13:00,TPSL_PLACED,WLD-USDT-SWAP,SELL,0.3997,24,0,0,0,TP=0.4157 SL=0.3937
2026-07-16 13:15:03,TPSL_PLACED,BONK-USDT-SWAP,SELL,0.000003542,1,0,0,0,TP=0.00000368 SL=0.00000349
2026-07-16 13:15:55,TRAIL_BUY_PLACED,JTO-USDT-SWAP,BUY,0.5977,16,-5.3523,0,0,callback=0.5%
2026-07-16 13:15:58,CLOSED,KAITO-USDT-SWAP,LONG,0.7404,12,0,0.1176,1.34,TP
2026-07-16 13:20:34,TRAIL_BUY_PLACED,JTO-USDT-SWAP,BUY,0.6006,16,-5.1485,0,0,callback=0.5%
2026-07-16 13:21:21,TRAIL_BUY_PLACED,PEPE-USDT-SWAP,BUY,0.000002742,0.3,-5.1211,0,0,callback=0.5%
2026-07-16 13:23:34,TRAIL_SELL_PLACED,PI-USDT-SWAP,SELL,0.07657,131,0,0,0,reason=LOCK_PROFIT callback=0.5%
2026-07-16 13:23:40,TRAIL_BUY_PLACED,AAVE-USDT-SWAP,BUY,94.53,1,-5.3185,0,0,callback=0.5%
2026-07-16 13:25:08,TRAIL_BUY_PLACED,IOTA-USDT-SWAP,BUY,0.03598,27,-5.3407,0,0,callback=0.5%
2026-07-16 13:28:09,CLOSED,PI-USDT-SWAP,LONG,0.07634,131,0,0.1218,1.23,TP
2026-07-16 13:28:11,TRAIL_BUY_PLACED,PI-USDT-SWAP,BUY,0.07638,130,-8.1198,0,0,callback=0.5%
2026-07-16 13:28:22,TRAIL_BUY_PLACED,AERO-USDT-SWAP,BUY,0.4879,2,-6.4071,0,0,callback=0.5%
2026-07-16 13:32:49,TPSL_PLACED,PI-USDT-SWAP,SELL,0.07669,1,0,0,0,TP=0.07976 SL=0.07554
2026-07-16 13:32:59,TPSL_PLACED,AERO-USDT-SWAP,SELL,0.4877,2,0,0,0,TP=0.5072 SL=0.4804
2026-07-16 13:34:12,CLOSED,HOME-USDT-SWAP,LONG,0.01253,0.07,0,-0.0006,-0.71,SL
2026-07-16 13:34:14,TRAIL_BUY_PLACED,HOME-USDT-SWAP,BUY,0.01253,7,-9.9209,0,0,callback=0.5%
2026-07-16 13:34:32,TPSL_PLACED,LA-USDT-SWAP,SELL,0.05509,2,0,0,0,TP=0.05729 SL=0.05426
2026-07-16 13:35:57,TRAIL_SELL_PLACED,USELESS-USDT-SWAP,SELL,0.07079,14,0,0,0,reason=LOCK_PROFIT callback=0.5%
2026-07-16 13:38:58,TPSL_PLACED,JTO-USDT-SWAP,SELL,0.6025,3,0,0,0,TP=0.6266 SL=0.5935
2026-07-16 13:39:44,TPSL_PLACED,PEPE-USDT-SWAP,SELL,0.000002755,0.2,0,0,0,TP=0.00000286 SL=0.00000271
2026-07-16 13:40:30,CLOSED,USELESS-USDT-SWAP,LONG,0.07096,1.4,0,0.0206,2.12,TP
2026-07-16 13:40:31,TRAIL_BUY_PLACED,USELESS-USDT-SWAP,BUY,0.07096,14,-15.3020,0,0,callback=0.5%
2026-07-16 13:43:20,TPSL_PLACED,HOME-USDT-SWAP,SELL,0.01254,7,0,0,0,TP=0.01304 SL=0.01235
2026-07-16 13:54:14,TPSL_PLACED,USELESS-USDT-SWAP,SELL,0.07042,4,0,0,0,TP=0.07324 SL=0.06936
2026-07-16 14:13:15,TRAIL_SELL_PLACED,SPX-USDT-SWAP,SELL,0.3661,1,0,0,0,reason=LOCK_PROFIT callback=0.5%
2026-07-16 14:15:14,TRAIL_SELL_PLACED,AERO-USDT-SWAP,SELL,0.4954,2,0,0,0,reason=LOCK_PROFIT callback=0.5%
2026-07-16 14:19:35,CLOSED,PI-USDT-SWAP,LONG,0.07575,1,0,-0.0009,-1.23,SL
2026-07-16 14:19:37,TRAIL_BUY_PLACED,PI-USDT-SWAP,BUY,0.07564,132,-8.3485,0,0,callback=0.5%
2026-07-16 14:24:23,CLOSED,AERO-USDT-SWAP,LONG,0.4986,0.2,0,0.0218,2.23,TP
2026-07-16 14:28:59,TPSL_PLACED,PI-USDT-SWAP,SELL,0.07572,132,0,0,0,TP=0.07875 SL=0.07458
2026-07-16 14:30:23,CLOSED,HOME-USDT-SWAP,LONG,0.01232,0.07,0,-0.0015,-1.75,SL
2026-07-16 14:30:25,TRAIL_BUY_PLACED,HOME-USDT-SWAP,BUY,0.01232,8,-10.8538,0,0,callback=0.5%
2026-07-16 14:35:08,TPSL_PLACED,HOME-USDT-SWAP,SELL,0.01218,6,0,0,0,TP=0.01267 SL=0.012
2026-07-16 14:41:51,CLOSED,SPX-USDT-SWAP,LONG,0.3669,1,0,0.0068,1.89,TP
2026-07-16 14:58:55,CLOSED,HOME-USDT-SWAP,LONG,0.01197,0.06,0,-0.0013,-1.72,SL
2026-07-16 14:58:57,TRAIL_BUY_PLACED,HOME-USDT-SWAP,BUY,0.01197,8,-14.500,0,0,callback=0.5%
2026-07-16 15:08:23,TPSL_PLACED,HOME-USDT-SWAP,SELL,0.01176,6,0,0,0,TP=0.01223 SL=0.01158
2026-07-16 15:10:52,CLOSED,USELESS-USDT-SWAP,LONG,0.06964,0.4,0,-0.0031,-1.11,SL
2026-07-16 15:10:54,TRAIL_BUY_PLACED,USELESS-USDT-SWAP,BUY,0.06968,14,-14.6078,0,0,callback=0.5%
2026-07-16 15:13:07,TRAIL_SELL_PLACED,BONK-USDT-SWAP,SELL,0.000003609,1,0,0,0,reason=LOCK_PROFIT callback=0.5%
2026-07-16 15:13:46,TRAIL_SELL_PLACED,H-USDT-SWAP,SELL,0.05958,1,0,0,0,reason=LOCK_PROFIT callback=0.5%
2026-07-16 15:15:33,TPSL_PLACED,USELESS-USDT-SWAP,SELL,0.06977,4,0,0,0,TP=0.07256 SL=0.06872
2026-07-16 15:23:12,TRAIL_SELL_PLACED,EGLD-USDT-SWAP,SELL,3.159,32,0,0,0,reason=LOCK_PROFIT callback=0.5%
2026-07-16 15:23:34,CLOSED,H-USDT-SWAP,LONG,0.05936,0.01,0,0.0007,1.12,TP
2026-07-16 15:23:36,TRAIL_BUY_PLACED,H-USDT-SWAP,BUY,0.05936,1.6,-10.8307,0,0,callback=0.5%
2026-07-16 15:28:16,TPSL_PLACED,H-USDT-SWAP,SELL,0.05968,1.1,0,0,0,TP=0.06207 SL=0.05878
2026-07-16 15:32:30,CLOSED,EGLD-USDT-SWAP,LONG,3.155,320,0,1.7920,1.81,TP
2026-07-16 15:35:35,TRAIL_BUY_PLACED,PI-USDT-SWAP,BUY,0.0741,134,-8.3034,0,0,callback=0.5%
2026-07-16 15:37:17,TRAIL_SELL_PLACED,HOME-USDT-SWAP,SELL,0.012,6,0,0,0,reason=LOCK_PROFIT callback=0.5%
2026-07-16 15:41:26,CLOSED,HOME-USDT-SWAP,LONG,0.01201,0.06,0,0.0015,2.13,TP
2026-07-16 15:41:28,TRAIL_BUY_PLACED,HOME-USDT-SWAP,BUY,0.01201,8,-12.8447,0,0,callback=0.5%
2026-07-16 15:45:03,TPSL_PLACED,HOME-USDT-SWAP,SELL,0.01208,8,0,0,0,TP=0.01256 SL=0.0119
2026-07-16 15:45:15,CLOSED,JTO-USDT-SWAP,LONG,0.5916,3,0,-0.0327,-1.81,SL
2026-07-16 15:45:17,TRAIL_BUY_PLACED,JTO-USDT-SWAP,BUY,0.5916,16,-6.3479,0,0,callback=0.5%
2026-07-16 15:48:52,TPSL_PLACED,JTO-USDT-SWAP,SELL,0.5898,16,0,0,0,TP=0.6134 SL=0.581
2026-07-16 15:55:45,CLOSED,HOME-USDT-SWAP,LONG,0.01179,0.08,0,-0.0023,-2.40,SL
2026-07-16 15:55:47,TRAIL_BUY_PLACED,HOME-USDT-SWAP,BUY,0.01179,8,-14.4412,0,0,callback=0.5%
2026-07-16 15:59:22,TPSL_PLACED,HOME-USDT-SWAP,SELL,0.01183,7,0,0,0,TP=0.0123 SL=0.01165
2026-07-16 16:06:28,CLOSED,HOME-USDT-SWAP,LONG,0.0115,0.07,0,-0.0023,-2.79,SL
2026-07-16 16:06:30,TRAIL_BUY_PLACED,HOME-USDT-SWAP,BUY,0.0115,8,-16.6667,0,0,callback=0.5%
2026-07-16 16:08:12,CLOSED,USELESS-USDT-SWAP,LONG,0.06822,0.4,0,-0.0062,-2.22,SL
2026-07-16 16:08:14,TRAIL_BUY_PLACED,USELESS-USDT-SWAP,BUY,0.06823,14,-14.1005,0,0,callback=0.5%
2026-07-16 16:08:43,TRAIL_SELL_PLACED,PI-USDT-SWAP,SELL,0.07537,134,0,0,0,reason=LOCK_PROFIT callback=0.5%
2026-07-16 16:09:35,CLOSED,CVX-USDT-SWAP,LONG,1.236,7,0,-0.133,-1.51,SL
2026-07-16 16:10:06,TPSL_PLACED,HOME-USDT-SWAP,SELL,0.01156,8,0,0,0,TP=0.01202 SL=0.01139
2026-07-16 16:12:17,CLOSED,PI-USDT-SWAP,LONG,0.07525,134,0,0.1675,1.69,TP
2026-07-16 16:12:19,TRAIL_BUY_PLACED,PI-USDT-SWAP,BUY,0.07525,132,-5.9963,0,0,callback=0.5%
2026-07-16 16:15:23,TPSL_PLACED,USELESS-USDT-SWAP,SELL,0.06796,14,0,0,0,TP=0.07068 SL=0.06694
2026-07-16 16:19:23,TPSL_PLACED,PI-USDT-SWAP,SELL,0.07554,132,0,0,0,TP=0.07856 SL=0.07441
2026-07-16 16:20:07,TRAIL_BUY_PLACED,BONK-USDT-SWAP,BUY,0.000003541,28,-5.0925,0,0,callback=0.5%
2026-07-16 16:24:21,CLOSED,HOME-USDT-SWAP,LONG,0.01143,0.08,0,-0.0010,-1.12,SL
2026-07-16 16:24:23,TRAIL_BUY_PLACED,HOME-USDT-SWAP,BUY,0.01143,8,-17.2938,0,0,callback=0.5%
2026-07-16 16:27:20,TPSL_PLACED,BONK-USDT-SWAP,SELL,0.000003556,1,0,0,0,TP=0.0000037 SL=0.0000035
2026-07-16 16:28:00,TPSL_PLACED,HOME-USDT-SWAP,SELL,0.01147,7,0,0,0,TP=0.01193 SL=0.0113
2026-07-16 16:30:17,TRAIL_BUY_PLACED,AAVE-USDT-SWAP,BUY,91.82,1,-5.0367,0,0,callback=0.5%
2026-07-16 16:36:49,TRAIL_SELL_PLACED,USELESS-USDT-SWAP,SELL,0.06901,14,0,0,0,reason=LOCK_PROFIT callback=0.5%
2026-07-16 16:43:55,CLOSED,USELESS-USDT-SWAP,LONG,0.06916,1.4,0,0.0168,1.77,TP
2026-07-16 16:43:56,TRAIL_BUY_PLACED,USELESS-USDT-SWAP,BUY,0.06916,14,-13.6795,0,0,callback=0.5%
2026-07-16 16:48:40,CLOSED,BONK-USDT-SWAP,LONG,0.000003509,0.00001,0,0.0000,-1.32,SL
2026-07-16 16:48:42,TRAIL_BUY_PLACED,BONK-USDT-SWAP,BUY,0.000003509,28,-5.8239,0,0,callback=0.5%
2026-07-16 16:49:22,CLOSED,HOME-USDT-SWAP,LONG,0.01132,0.07,0,-0.0010,-1.31,SL
2026-07-16 16:49:23,TRAIL_BUY_PLACED,HOME-USDT-SWAP,BUY,0.01132,8,-23.0978,0,0,callback=0.5%
2026-07-16 16:51:06,TPSL_PLACED,USELESS-USDT-SWAP,SELL,0.06876,14,0,0,0,TP=0.07151 SL=0.06773
2026-07-16 16:52:57,TPSL_PLACED,HOME-USDT-SWAP,SELL,0.01132,7,0,0,0,TP=0.01177 SL=0.01115
2026-07-16 16:55:49,TPSL_PLACED,BONK-USDT-SWAP,SELL,0.000003525,2,0,0,0,TP=0.00000367 SL=0.00000347
2026-07-16 16:56:31,TRAIL_BUY_PLACED,HYPE-USDT-SWAP,BUY,64.003,1,-5.0781,0,0,callback=0.5%
2026-07-16 16:59:34,TRAIL_BUY_PLACED,CVX-USDT-SWAP,BUY,1.235,8,-5.00,0,0,callback=0.5%
2026-07-16 17:03:48,TRAIL_BUY_PLACED,JUP-USDT-SWAP,BUY,0.2013,4,-5.2260,0,0,callback=0.5%
2026-07-16 17:14:46,CLOSED,BONK-USDT-SWAP,LONG,0.00000349,0.00002,0,0.0000,-0.99,SL
2026-07-16 17:14:48,TRAIL_BUY_PLACED,BONK-USDT-SWAP,BUY,0.000003492,28,-6.1290,0,0,callback=0.5%
2026-07-16 17:15:10,CLOSED,FARTCOIN-USDT-SWAP,LONG,0.1405,4,0,-0.0112,-1.95,SL
2026-07-16 17:15:12,TRAIL_BUY_PLACED,FARTCOIN-USDT-SWAP,BUY,0.1405,71,-6.3957,0,0,callback=0.5%
2026-07-16 17:15:31,TRAIL_BUY_PLACED,HYPE-USDT-SWAP,BUY,62.698,1,-7.5823,0,0,callback=0.5%
2026-07-16 17:17:19,CLOSED,WLD-USDT-SWAP,LONG,0.3938,24,0,-0.1416,-1.48,SL
2026-07-16 17:18:22,TPSL_PLACED,BONK-USDT-SWAP,SELL,0.000003474,13,0,0,0,TP=0.00000361 SL=0.00000342
2026-07-16 17:18:44,TPSL_PLACED,FARTCOIN-USDT-SWAP,SELL,0.1397,71,0,0,0,TP=0.1453 SL=0.1376
2026-07-16 17:19:03,TRAIL_BUY_PLACED,HYPE-USDT-SWAP,BUY,62.359,1,-7.9545,0,0,callback=0.5%
2026-07-16 17:19:19,CLOSED,LA-USDT-SWAP,LONG,0.05447,0.2,0,-0.0012,-1.13,SL
2026-07-16 17:20:00,CLOSED,PEPE-USDT-SWAP,LONG,0.000002725,0.00000002,0,0.0000,-1.09,SL
2026-07-16 17:27:44,CLOSED,USELESS-USDT-SWAP,LONG,0.06778,1.4,0,-0.0137,-1.43,SL
2026-07-16 17:27:45,TRAIL_BUY_PLACED,USELESS-USDT-SWAP,BUY,0.06778,14,-16.0307,0,0,callback=0.5%
2026-07-16 17:28:20,TPSL_PLACED,AAVE-USDT-SWAP,SELL,92.09,0.8,0,0,0,TP=95.77 SL=90.71
2026-07-16 17:29:34,CLOSED,HOME-USDT-SWAP,LONG,0.01121,0.07,0,-0.0008,-0.97,SL
2026-07-16 17:29:36,TRAIL_BUY_PLACED,HOME-USDT-SWAP,BUY,0.01121,8,-20.8333,0,0,callback=0.5%
2026-07-16 17:29:38,TRAIL_BUY_PLACED,HYPE-USDT-SWAP,BUY,62.105,1,-8.4038,0,0,callback=0.5%
2026-07-16 17:31:18,TPSL_PLACED,USELESS-USDT-SWAP,SELL,0.06786,10,0,0,0,TP=0.07057 SL=0.06684
2026-07-16 17:33:01,TRAIL_BUY_PLACED,GPS-USDT-SWAP,BUY,0.008803,113,-7.8799,0,0,callback=0.5%
2026-07-16 17:33:08,TRAIL_BUY_PLACED,HOME-USDT-SWAP,BUY,0.01134,8,-18.8841,0,0,callback=0.5%
2026-07-16 17:36:32,TPSL_PLACED,GPS-USDT-SWAP,SELL,0.008834,6,0,0,0,TP=0.009187 SL=0.008701
2026-07-16 17:36:39,TRAIL_BUY_PLACED,HOME-USDT-SWAP,BUY,0.01127,8,-19.1535,0,0,callback=0.5%
2026-07-16 17:40:11,TRAIL_BUY_PLACED,HYPE-USDT-SWAP,BUY,62.418,1,-7.9381,0,0,callback=0.5%
2026-07-16 17:47:08,TRAIL_BUY_PLACED,HOME-USDT-SWAP,BUY,0.01119,8,-18.9130,0,0,callback=0.5%
2026-07-16 17:50:38,TRAIL_BUY_PLACED,HOME-USDT-SWAP,BUY,0.01127,8,-18.5105,0,0,callback=0.5%
2026-07-16 17:54:07,TRAIL_BUY_PLACED,HOME-USDT-SWAP,BUY,0.01123,8,-18.9755,0,0,callback=0.5%
2026-07-16 18:02:48,TPSL_PLACED,CVX-USDT-SWAP,SELL,1.219,4,0,0,0,TP=1.243 SL=1.195
2026-07-16 18:03:27,TRAIL_BUY_PLACED,HYPE-USDT-SWAP,BUY,62.63,1,-7.7478,0,0,callback=0.5%
2026-07-16 18:11:42,TRAIL_BUY_PLACED,HYPE-USDT-SWAP,BUY,62.32,1,-8.3233,0,0,callback=0.5%
2026-07-16 18:13:10,TRAIL_BUY_PLACED,SPX-USDT-SWAP,BUY,0.3571,28,-5.1779,0,0,callback=0.5%
2026-07-16 18:22:40,TRAIL_BUY_PLACED,HYPE-USDT-SWAP,BUY,62.549,1,-8.3410,0,0,callback=0.5%
2026-07-16 18:24:04,TPSL_PLACED,SPX-USDT-SWAP,SELL,0.3591,1,0,0,0,TP=0.3663 SL=0.3519
2026-07-16 18:24:23,TRAIL_SELL_PLACED,USELESS-USDT-SWAP,SELL,0.06889,10,0,0,0,reason=LOCK_PROFIT callback=0.3%
2026-07-16 18:27:52,CLOSED,USELESS-USDT-SWAP,LONG,0.06873,1,0,0.0087,1.28,TP
2026-07-16 18:27:54,TRAIL_BUY_PLACED,USELESS-USDT-SWAP,BUY,0.06871,14,-15.4130,0,0,callback=0.5%
2026-07-16 18:33:50,TRAIL_SELL_PLACED,GPS-USDT-SWAP,SELL,0.008989,6,0,0,0,reason=LOCK_PROFIT callback=0.3%
2026-07-16 18:36:53,TRAIL_BUY_PLACED,BRETT-USDT-SWAP,BUY,0.005089,19,-5.0383,0,0,callback=0.5%
2026-07-16 18:37:27,CLOSED,GPS-USDT-SWAP,LONG,0.008983,0.6,0,0.0009,1.69,TP
2026-07-16 18:37:29,TRAIL_BUY_PLACED,GPS-USDT-SWAP,BUY,0.008983,111,-5.9470,0,0,callback=0.5%
2026-07-16 18:43:57,CLOSED,BONK-USDT-SWAP,LONG,0.000003361,0.00013,0,0.0000,-3.25,SL
2026-07-16 18:43:59,TRAIL_BUY_PLACED,BONK-USDT-SWAP,BUY,0.000003361,29,-10.4450,0,0,callback=0.5%
2026-07-16 18:44:31,TPSL_PLACED,GPS-USDT-SWAP,SELL,0.0089568681318682,91,0,0,0,TP=0.009136 SL=0.008778
2026-07-16 18:46:20,TRAIL_BUY_PLACED,USELESS-USDT-SWAP,BUY,0.06822,14,-16.5096,0,0,callback=0.5%
2026-07-16 18:47:30,TPSL_PLACED,BONK-USDT-SWAP,SELL,0.000003358,11,0,0,0,TP=0.00000342 SL=0.00000329
2026-07-16 18:51:39,CLOSED,BONK-USDT-SWAP,LONG,0.000003417,0.00011,0,0.0000,1.76,TP
2026-07-16 18:51:40,TRAIL_BUY_PLACED,BONK-USDT-SWAP,BUY,0.000003415,29,-8.6898,0,0,callback=0.5%
2026-07-16 18:54:00,TRAIL_BUY_PLACED,USELESS-USDT-SWAP,BUY,0.0686,14,-15.7248,0,0,callback=0.5%
2026-07-16 18:55:11,TPSL_PLACED,BONK-USDT-SWAP,SELL,0.00000343,13,0,0,0,TP=0.0000035 SL=0.00000336
2026-07-16 18:55:51,TRAIL_BUY_PLACED,HYPE-USDT-SWAP,BUY,62.752,1,-6.5912,0,0,callback=0.5%
2026-07-16 19:04:27,TRAIL_BUY_PLACED,USELESS-USDT-SWAP,BUY,0.06841,14,-15.8342,0,0,callback=0.5%
2026-07-16 19:15:01,TRAIL_BUY_PLACED,USELESS-USDT-SWAP,BUY,0.06802,14,-16.2006,0,0,callback=0.5%
2026-07-16 19:22:02,TRAIL_BUY_PLACED,USELESS-USDT-SWAP,BUY,0.06806,14,-16.0893,0,0,callback=0.5%
2026-07-16 19:23:52,TRAIL_BUY_PLACED,HYPE-USDT-SWAP,BUY,62.364,1,-7.1536,0,0,callback=0.5%
2026-07-16 19:29:05,TRAIL_BUY_PLACED,USELESS-USDT-SWAP,BUY,0.06789,14,-16.2162,0,0,callback=0.5%
2026-07-16 19:31:39,TRAIL_BUY_PLACED,HYPE-USDT-SWAP,BUY,62.516,1,-6.9065,0,0,callback=0.5%
2026-07-16 19:33:21,TRAIL_BUY_PLACED,USELESS-USDT-SWAP,BUY,0.06866,14,-15.6407,0,0,callback=0.5%
2026-07-16 19:45:34,CLOSED,GPS-USDT-SWAP,LONG,0.008826,9.1,0,-0.0119,-1.46,SL
2026-07-16 19:45:36,TRAIL_BUY_PLACED,GPS-USDT-SWAP,BUY,0.008826,113,-7.4940,0,0,callback=0.5%
2026-07-16 19:49:10,TPSL_PLACED,H-USDT-SWAP,SELL,0.06196,1,0,0,0,TP=0.0632 SL=0.06072
2026-07-16 19:50:54,TRAIL_BUY_PLACED,USELESS-USDT-SWAP,BUY,0.06814,14,-15.9803,0,0,callback=0.5%
2026-07-16 19:52:46,TRAIL_BUY_PLACED,HYPE-USDT-SWAP,BUY,62.405,1,-6.6143,0,0,callback=0.5%
2026-07-16 19:59:40,TPSL_PLACED,GPS-USDT-SWAP,SELL,0.008882,2,0,0,0,TP=0.00906 SL=0.008704
2026-07-16 20:06:06,TRAIL_SELL_PLACED,BONK-USDT-SWAP,SELL,0.000003498,13,0,0,0,reason=LOCK_PROFIT callback=0.3%
2026-07-16 20:06:42,TRAIL_SELL_PLACED,H-USDT-SWAP,SELL,0.06309,1,0,0,0,reason=LOCK_PROFIT callback=0.3%
2026-07-16 20:07:41,TRAIL_BUY_PLACED,PEOPLE-USDT-SWAP,BUY,0.005475,18,-5.0304,0,0,callback=0.5%
2026-07-16 20:08:28,TPSL_PLACED,USELESS-USDT-SWAP,SELL,0.06831,7,0,0,0,TP=0.06968 SL=0.06694
2026-07-16 20:09:37,CLOSED,BONK-USDT-SWAP,LONG,0.000003498,0.00013,0,0.0000,1.98,TP
2026-07-16 20:09:39,TRAIL_BUY_PLACED,BONK-USDT-SWAP,BUY,0.000003498,28,-6.3955,0,0,callback=0.5%
2026-07-16 20:12:32,TRAIL_BUY_PLACED,A-USDT-SWAP,BUY,0.07228,13,-5.0571,0,0,callback=0.5%
2026-07-16 20:13:50,TRAIL_BUY_PLACED,HYPE-USDT-SWAP,BUY,62.529,1,-6.4903,0,0,callback=0.5%
2026-07-16 20:16:39,TPSL_PLACED,BONK-USDT-SWAP,SELL,0.000003505,1,0,0,0,TP=0.00000358 SL=0.00000344
2026-07-16 20:36:48,TRAIL_SELL_PLACED,PI-USDT-SWAP,SELL,0.07667,132,0,0,0,reason=LOCK_PROFIT callback=0.3%
2026-07-16 20:45:16,TRAIL_SELL_PLACED,H-USDT-SWAP,SELL,0.06037,1,0,0,0,reason=EMERGENCY_SL callback=0.3%
2026-07-16 20:45:22,TRAIL_BUY_PLACED,HYPE-USDT-SWAP,BUY,62.651,1,-6.7846,0,0,callback=0.5%
2026-07-16 20:47:32,CLOSED,PI-USDT-SWAP,LONG,0.07663,132,0,0.1439,1.44,TP
2026-07-16 20:48:53,TRAIL_SELL_PLACED,H-USDT-SWAP,SELL,0.06028,1,0,0,0,reason=EMERGENCY_SL callback=0.3%
2026-07-16 20:52:31,TRAIL_SELL_PLACED,H-USDT-SWAP,SELL,0.0603,1,0,0,0,reason=EMERGENCY_SL callback=0.3%
2026-07-16 20:56:07,TRAIL_SELL_PLACED,H-USDT-SWAP,SELL,0.06019,1,0,0,0,reason=EMERGENCY_SL callback=0.3%
2026-07-16 20:59:40,CLOSED,H-USDT-SWAP,LONG,0.05995,0.01,0,0.0020,-3.24,SL
2026-07-16 21:03:15,TPSL_PLACED,HYPE-USDT-SWAP,SELL,62.485,1,0,0,0,TP=63.735 SL=61.235
2026-07-16 21:07:39,TPSL_PLACED,PEOPLE-USDT-SWAP,SELL,0.0054919444444445,18,0,0,0,TP=0.005602 SL=0.005382
2026-07-16 21:41:41,TRAIL_SELL_PLACED,FARTCOIN-USDT-SWAP,SELL,0.1418,71,0,0,0,reason=LOCK_PROFIT callback=0.3%
2026-07-16 21:45:08,CLOSED,FARTCOIN-USDT-SWAP,LONG,0.1414,71,0,0.1207,1.22,TP
2026-07-16 21:45:10,TRAIL_BUY_PLACED,FARTCOIN-USDT-SWAP,BUY,0.1414,70,-6.4815,0,0,callback=0.5%
2026-07-16 21:45:20,CLOSED,GPS-USDT-SWAP,LONG,0.008723,0.2,0,-0.0003,-1.79,SL
2026-07-16 21:45:22,TRAIL_BUY_PLACED,GPS-USDT-SWAP,BUY,0.008723,114,-7.9270,0,0,callback=0.5%
2026-07-16 21:51:54,TRAIL_SELL_PLACED,CVX-USDT-SWAP,SELL,1.238,4,0,0,0,reason=LOCK_PROFIT callback=0.3%
2026-07-16 21:52:16,TPSL_PLACED,GPS-USDT-SWAP,SELL,0.0087728070175439,114,0,0,0,TP=0.008948 SL=0.008597
2026-07-16 21:58:53,CLOSED,CVX-USDT-SWAP,LONG,1.234,4,0,0.060,1.23,TP
2026-07-16 22:13:15,TRAIL_SELL_PLACED,BONK-USDT-SWAP,SELL,0.00000356,1,0,0,0,reason=LOCK_PROFIT callback=0.3%
2026-07-16 22:20:10,CLOSED,BONK-USDT-SWAP,LONG,0.000003553,0.00001,0,0.0000,1.37,TP
2026-07-16 22:21:01,CLOSED,JTO-USDT-SWAP,LONG,0.5755,16,0,-0.2288,-2.42,SL
2026-07-16 22:21:03,TRAIL_BUY_PLACED,JTO-USDT-SWAP,BUY,0.5756,17,-7.0564,0,0,callback=0.5%
2026-07-16 22:22:33,CLOSED,USELESS-USDT-SWAP,LONG,0.06634,0.7,0,-0.0138,-2.88,SL
2026-07-16 22:22:35,TRAIL_BUY_PLACED,USELESS-USDT-SWAP,BUY,0.06634,15,-19.0778,0,0,callback=0.5%
2026-07-16 22:28:01,TPSL_PLACED,JTO-USDT-SWAP,SELL,0.5655,17,0,0,0,TP=0.5768 SL=0.5542
2026-07-16 22:32:57,TPSL_PLACED,USELESS-USDT-SWAP,SELL,0.0667126666666668,15,0,0,0,TP=0.06805 SL=0.06538
2026-07-16 22:34:29,TPSL_PLACED,FARTCOIN-USDT-SWAP,SELL,0.1387,16,0,0,0,TP=0.1415 SL=0.1359
2026-07-16 22:43:19,CLOSED,SPX-USDT-SWAP,LONG,0.352,1,0,-0.0071,-1.98,SL
2026-07-16 22:43:21,TRAIL_BUY_PLACED,SPX-USDT-SWAP,BUY,0.352,28,-7.8534,0,0,callback=0.5%
2026-07-16 23:01:37,TRAIL_BUY_PLACED,AERO-USDT-SWAP,BUY,0.4772,2,-6.0075,0,0,callback=0.5%
2026-07-16 23:04:10,TPSL_PLACED,SPX-USDT-SWAP,SELL,0.3526,1,0,0,0,TP=0.3597 SL=0.3455
2026-07-16 23:13:11,CLOSED,HYPE-USDT-SWAP,LONG,61.292,10,0,-1.1930,-1.91,SL
2026-07-16 23:13:13,TRAIL_BUY_PLACED,HYPE-USDT-SWAP,BUY,61.323,1,-8.8418,0,0,callback=0.5%
2026-07-16 23:15:43,TPSL_PLACED,WOO-USDT-SWAP,SELL,0.01192,45,0,0,0,TP=0.01216 SL=0.01168
2026-07-16 23:16:12,TPSL_PLACED,AERO-USDT-SWAP,SELL,0.477,1,0,0,0,TP=0.4865 SL=0.4675
2026-07-16 23:23:15,CLOSED,USELESS-USDT-SWAP,LONG,0.0657,1.5,0,-0.0152,-1.52,SL
2026-07-16 23:23:17,TRAIL_BUY_PLACED,USELESS-USDT-SWAP,BUY,0.0657,15,-19.4359,0,0,callback=0.5%
2026-07-16 23:23:25,CLOSED,WOO-USDT-SWAP,LONG,0.01172,4.5,0,-0.0090,-1.68,SL
2026-07-16 23:23:35,CLOSED,ZRO-USDT-SWAP,LONG,0.799,12,0,-0.1606,-1.65,SL
2026-07-16 23:24:28,TRAIL_BUY_PLACED,BONK-USDT-SWAP,BUY,0.000003479,28,-6.3778,0,0,callback=0.5%
2026-07-16 23:30:13,TPSL_PLACED,USELESS-USDT-SWAP,SELL,0.06585,15,0,0,0,TP=0.06717 SL=0.06453
2026-07-16 23:35:24,CLOSED,GPS-USDT-SWAP,LONG,0.00858,11.4,0,-0.0220,-2.20,SL
2026-07-16 23:35:26,TRAIL_BUY_PLACED,GPS-USDT-SWAP,BUY,0.00858,116,-10.1947,0,0,callback=0.5%
2026-07-16 23:39:43,TPSL_PLACED,HYPE-USDT-SWAP,SELL,60.857,1,0,0,0,TP=62.074 SL=59.64
2026-07-16 23:42:33,TPSL_PLACED,BONK-USDT-SWAP,SELL,0.00000349,28,0,0,0,TP=0.00000356 SL=0.00000342
2026-07-16 23:46:34,TPSL_PLACED,GPS-USDT-SWAP,SELL,0.008615,31,0,0,0,TP=0.008787 SL=0.008443
2026-07-17 00:03:43,CLOSED,FARTCOIN-USDT-SWAP,LONG,0.1356,16,0,-0.0496,-2.24,SL
2026-07-17 00:03:45,TRAIL_BUY_PLACED,FARTCOIN-USDT-SWAP,BUY,0.1356,73,-9.7204,0,0,callback=0.5%
2026-07-17 00:07:42,TRAIL_BUY_PLACED,JUP-USDT-SWAP,BUY,0.1946,5,-6.3072,0,0,callback=0.5%
2026-07-17 00:09:38,TRAIL_BUY_PLACED,PI-USDT-SWAP,BUY,0.0746,134,-6.7850,0,0,callback=0.5%
2026-07-17 00:10:19,CLOSED,BONK-USDT-SWAP,LONG,0.00000341,0.00028,0,0.0000,-2.29,SL
2026-07-17 00:10:21,TRAIL_BUY_PLACED,BONK-USDT-SWAP,BUY,0.00000341,29,-7.7381,0,0,callback=0.5%
2026-07-17 00:10:44,TPSL_PLACED,FARTCOIN-USDT-SWAP,SELL,0.1353,70,0,0,0,TP=0.138 SL=0.1326
2026-07-17 00:11:13,TRAIL_BUY_PLACED,JUP-USDT-SWAP,BUY,0.194,5,-6.5060,0,0,callback=0.5%
2026-07-17 00:13:09,TPSL_PLACED,PI-USDT-SWAP,SELL,0.07453,6,0,0,0,TP=0.07602 SL=0.07304
2026-07-17 00:20:44,TRAIL_BUY_PLACED,BONK-USDT-SWAP,BUY,0.000003412,29,-7.7838,0,0,callback=0.5%
2026-07-17 00:31:09,CLOSED,AAVE-USDT-SWAP,LONG,90.82,8,0,-1.016,-1.38,SL
2026-07-17 00:32:17,CLOSED,GPS-USDT-SWAP,LONG,0.00866,3.1,0,0.0014,0.52,TP
2026-07-17 00:32:19,TRAIL_BUY_PLACED,GPS-USDT-SWAP,BUY,0.00866,115,-9.1195,0,0,callback=0.5%
2026-07-17 00:32:39,TRAIL_BUY_PLACED,JUP-USDT-SWAP,BUY,0.193,5,-6.3107,0,0,callback=0.5%
2026-07-17 00:39:13,TPSL_PLACED,GPS-USDT-SWAP,SELL,0.0087088834951457,103,0,0,0,TP=0.008883 SL=0.008535
2026-07-17 00:51:52,TRAIL_SELL_PLACED,PI-USDT-SWAP,SELL,0.07568,6,0,0,0,reason=LOCK_PROFIT callback=0.3%
2026-07-17 00:55:19,CLOSED,PI-USDT-SWAP,LONG,0.07547,6,0,0.0056,1.26,TP
2026-07-17 00:58:20,CLOSED,USELESS-USDT-SWAP,LONG,0.06716,1.5,0,0.0196,1.99,TP
2026-07-17 00:58:22,TRAIL_BUY_PLACED,USELESS-USDT-SWAP,BUY,0.06716,14,-18.1275,0,0,callback=0.5%
2026-07-17 01:02:56,TPSL_PLACED,BONK-USDT-SWAP,SELL,0.000003402,29,0,0,0,TP=0.00000347 SL=0.00000333
2026-07-17 01:06:55,CLOSED,GPS-USDT-SWAP,LONG,0.008881,10.3,0,0.0177,1.98,TP
2026-07-17 01:06:57,TRAIL_BUY_PLACED,GPS-USDT-SWAP,BUY,0.008881,112,-7.0733,0,0,callback=0.5%
2026-07-17 01:10:23,TPSL_PLACED,GPS-USDT-SWAP,SELL,0.008862,112,0,0,0,TP=0.009039 SL=0.008685
2026-07-17 01:12:10,TPSL_PLACED,USELESS-USDT-SWAP,SELL,0.06666,5,0,0,0,TP=0.06799 SL=0.06533
2026-07-17 01:30:48,TRAIL_BUY_PLACED,EGLD-USDT-SWAP,BUY,3.094,32,-6.2708,0,0,callback=0.5%
2026-07-17 01:41:47,TRAIL_BUY_PLACED,JUP-USDT-SWAP,BUY,0.1941,5,-6.1866,0,0,callback=0.5%
2026-07-17 01:43:14,CLOSED,USELESS-USDT-SWAP,LONG,0.06572,0.5,0,-0.0047,-1.41,SL
2026-07-17 01:43:16,TRAIL_BUY_PLACED,USELESS-USDT-SWAP,BUY,0.06572,15,-20.2814,0,0,callback=0.5%
2026-07-17 01:46:42,TPSL_PLACED,USELESS-USDT-SWAP,SELL,0.0658,4,0,0,0,TP=0.06712 SL=0.06448
2026-07-17 01:50:10,TRAIL_BUY_PLACED,TIA-USDT-SWAP,BUY,0.394,25,-6.4133,0,0,callback=0.5%
2026-07-17 01:51:40,CLOSED,AERO-USDT-SWAP,LONG,0.4675,0.1,0,-0.0095,-1.99,SL
2026-07-17 01:51:42,TRAIL_BUY_PLACED,AERO-USDT-SWAP,BUY,0.4675,2,-7.9181,0,0,callback=0.5%
2026-07-17 01:53:01,TRAIL_BUY_PLACED,INJ-USDT-SWAP,BUY,4.854,20,-6.0213,0,0,callback=0.5%
2026-07-17 01:54:45,TRAIL_BUY_PLACED,WLD-USDT-SWAP,BUY,0.3852,25,-6.0946,0,0,callback=0.5%
2026-07-17 01:54:47,TRAIL_BUY_PLACED,WOO-USDT-SWAP,BUY,0.01166,85,-6.0435,0,0,callback=0.5%
2026-07-17 01:55:13,TRAIL_BUY_PLACED,AAVE-USDT-SWAP,BUY,90.37,1.1,-6.2844,0,0,callback=0.5%
2026-07-17 01:56:25,TRAIL_BUY_PLACED,GRASS-USDT-SWAP,BUY,0.3632,27,-6.1256,0,0,callback=0.5%
2026-07-17 01:59:40,TPSL_PLACED,EGLD-USDT-SWAP,SELL,3.095,27,0,0,0,TP=3.157 SL=3.033
2026-07-17 02:00:06,CLOSED,HYPE-USDT-SWAP,LONG,60.047,10,0,-0.8100,-1.33,SL
2026-07-17 02:00:08,TRAIL_BUY_PLACED,HYPE-USDT-SWAP,BUY,60.055,1,-9.9166,0,0,callback=0.5%
2026-07-17 02:03:24,CLOSED,FARTCOIN-USDT-SWAP,LONG,0.1332,70,0,-0.1470,-1.55,SL
2026-07-17 02:03:26,TRAIL_BUY_PLACED,FARTCOIN-USDT-SWAP,BUY,0.1331,75,-11.0294,0,0,callback=0.5%
2026-07-17 02:03:36,TRAIL_SELL_PLACED,GPS-USDT-SWAP,SELL,0.008998,112,0,0,0,reason=LOCK_PROFIT callback=0.3%
2026-07-17 02:03:44,TPSL_PLACED,HYPE-USDT-SWAP,SELL,60.35,1,0,0,0,TP=61.557 SL=59.143
2026-07-17 02:03:56,TRAIL_BUY_PLACED,JUP-USDT-SWAP,BUY,0.1929,5,-7.0809,0,0,callback=0.5%
2026-07-17 02:05:19,TPSL_PLACED,TIA-USDT-SWAP,SELL,0.388,1,0,0,0,TP=0.3958 SL=0.3802
2026-07-17 02:07:10,CLOSED,GPS-USDT-SWAP,LONG,0.008943,11.2,0,0.0091,0.91,TP
2026-07-17 02:07:12,TRAIL_BUY_PLACED,GPS-USDT-SWAP,BUY,0.008943,111,-7.5372,0,0,callback=0.5%
2026-07-17 02:07:14,TPSL_PLACED,GRASS-USDT-SWAP,SELL,0.3652,27,0,0,0,TP=0.3725 SL=0.3579
2026-07-17 02:08:51,TRAIL_BUY_PLACED,TAO-USDT-SWAP,BUY,190.6,5,-6.1546,0,0,callback=0.5%
2026-07-17 02:09:12,TPSL_PLACED,WOO-USDT-SWAP,SELL,0.0117,23,0,0,0,TP=0.01193 SL=0.01147
2026-07-17 02:09:43,TRAIL_BUY_PLACED,AERO-USDT-SWAP,BUY,0.4668,2,-7.9472,0,0,callback=0.5%
2026-07-17 02:10:15,TRAIL_BUY_PLACED,BOME-USDT-SWAP,BUY,0.0003969,25,-6.3694,0,0,callback=0.5%
2026-07-17 02:11:52,CLOSED,PEOPLE-USDT-SWAP,LONG,0.005397,0.18,0,-0.0017,-1.73,SL
2026-07-17 02:13:20,TRAIL_BUY_PLACED,AERO-USDT-SWAP,BUY,0.47,2,-7.4256,0,0,callback=0.5%
2026-07-17 02:14:15,TPSL_PLACED,FARTCOIN-USDT-SWAP,SELL,0.133,2,0,0,0,TP=0.1357 SL=0.1303
2026-07-17 02:14:26,TPSL_PLACED,GPS-USDT-SWAP,SELL,0.008949,85,0,0,0,TP=0.009128 SL=0.00877
2026-07-17 02:14:45,TRAIL_BUY_PLACED,JUP-USDT-SWAP,BUY,0.1931,5,-6.9846,0,0,callback=0.5%
2026-07-17 02:16:04,TRAIL_BUY_PLACED,SYRUP-USDT-SWAP,BUY,0.1799,5,-6.1555,0,0,callback=0.5%
2026-07-17 02:16:46,TRAIL_BUY_PLACED,PI-USDT-SWAP,BUY,0.07618,131,-6.3898,0,0,callback=0.5%
2026-07-17 02:16:57,TRAIL_BUY_PLACED,AERO-USDT-SWAP,BUY,0.4753,2,-6.4002,0,0,callback=0.5%
2026-07-17 02:20:22,TPSL_PLACED,PI-USDT-SWAP,SELL,0.07654,1,0,0,0,TP=0.07807 SL=0.07501
2026-07-17 02:23:36,TRAIL_BUY_PLACED,WLD-USDT-SWAP,BUY,0.3834,26,-6.1904,0,0,callback=0.5%
2026-07-17 02:24:55,TRAIL_BUY_PLACED,EIGEN-USDT-SWAP,BUY,0.2286,43,-6.2731,0,0,callback=0.5%
2026-07-17 02:27:42,TRAIL_BUY_PLACED,AERO-USDT-SWAP,BUY,0.4753,2,-6.5658,0,0,callback=0.5%
2026-07-17 02:28:15,TRAIL_BUY_PLACED,BOME-USDT-SWAP,BUY,0.0003988,25,-6.0763,0,0,callback=0.5%
2026-07-17 02:35:19,TRAIL_BUY_PLACED,BIO-USDT-SWAP,BUY,0.02614,382,-6.3418,0,0,callback=0.5%
2026-07-17 02:36:12,TRAIL_BUY_PLACED,INJ-USDT-SWAP,BUY,4.847,20,-6.0295,0,0,callback=0.5%
2026-07-17 02:37:01,TRAIL_BUY_PLACED,PEOPLE-USDT-SWAP,BUY,0.005389,18,-6.0003,0,0,callback=0.5%
2026-07-17 02:37:38,CLOSED,TIA-USDT-SWAP,LONG,0.3806,1,0,-0.0074,-1.91,SL
2026-07-17 02:37:40,TRAIL_BUY_PLACED,TIA-USDT-SWAP,BUY,0.3805,26,-9.1452,0,0,callback=0.5%
2026-07-17 02:38:55,TPSL_PLACED,BIO-USDT-SWAP,SELL,0.02629,11,0,0,0,TP=0.02682 SL=0.02576
2026-07-17 02:41:56,TRAIL_BUY_PLACED,AAVE-USDT-SWAP,BUY,90.36,1.1,-6.1195,0,0,callback=0.5%
2026-07-17 02:48:15,TRAIL_BUY_PLACED,TIA-USDT-SWAP,BUY,0.3819,26,-8.7455,0,0,callback=0.5%
2026-07-17 02:49:31,TRAIL_BUY_PLACED,BLUR-USDT-SWAP,BUY,0.01582,63,-6.0012,0,0,callback=0.5%
2026-07-17 02:51:56,CLOSED,USELESS-USDT-SWAP,LONG,0.06403,0.4,0,-0.0071,-2.69,SL
2026-07-17 02:51:58,TRAIL_BUY_PLACED,USELESS-USDT-SWAP,BUY,0.06408,15,-21.2583,0,0,callback=0.5%
2026-07-17 02:53:24,TPSL_PLACED,EIGEN-USDT-SWAP,SELL,0.2267,9,0,0,0,TP=0.2312 SL=0.2222
2026-07-17 02:55:33,TRAIL_BUY_PLACED,USELESS-USDT-SWAP,BUY,0.06429,15,-21.6549,0,0,callback=0.5%
2026-07-17 02:55:42,TRAIL_BUY_PLACED,WLD-USDT-SWAP,BUY,0.3801,26,-6.8154,0,0,callback=0.5%
2026-07-17 02:58:57,TRAIL_BUY_PLACED,TIA-USDT-SWAP,BUY,0.3811,26,-8.8059,0,0,callback=0.5%
2026-07-17 02:59:06,TRAIL_BUY_PLACED,USELESS-USDT-SWAP,BUY,0.0644,15,-22.2034,0,0,callback=0.5%
2026-07-17 02:59:15,TRAIL_BUY_PLACED,WLD-USDT-SWAP,BUY,0.3819,26,-6.2822,0,0,callback=0.5%
2026-07-17 03:00:17,TRAIL_BUY_PLACED,BOME-USDT-SWAP,BUY,0.0003988,25,-6.0099,0,0,callback=0.5%
2026-07-17 03:01:11,TRAIL_BUY_PLACED,JUP-USDT-SWAP,BUY,0.1937,5,-6.9645,0,0,callback=0.5%
2026-07-17 03:06:11,TRAIL_BUY_PLACED,TIA-USDT-SWAP,BUY,0.3824,26,-8.1432,0,0,callback=0.5%
2026-07-17 03:06:29,TRAIL_BUY_PLACED,WLD-USDT-SWAP,BUY,0.3825,26,-6.3418,0,0,callback=0.5%
2026-07-17 03:06:56,TRAIL_BUY_PLACED,AAVE-USDT-SWAP,BUY,90.68,1.1,-6.0311,0,0,callback=0.5%
2026-07-17 03:08:27,TRAIL_BUY_PLACED,JUP-USDT-SWAP,BUY,0.1947,5,-6.4392,0,0,callback=0.5%
2026-07-17 03:09:57,TRAIL_BUY_PLACED,USELESS-USDT-SWAP,BUY,0.06437,15,-22.0891,0,0,callback=0.5%
2026-07-17 03:14:38,TRAIL_BUY_PLACED,BLUR-USDT-SWAP,BUY,0.01581,63,-6.0048,0,0,callback=0.5%
2026-07-17 03:16:56,TRAIL_BUY_PLACED,SYRUP-USDT-SWAP,BUY,0.1802,5,-8.6670,0,0,callback=0.5%
2026-07-17 03:17:00,TRAIL_BUY_PLACED,TIA-USDT-SWAP,BUY,0.3838,26,-7.3618,0,0,callback=0.5%
2026-07-17 03:17:10,TRAIL_BUY_PLACED,USELESS-USDT-SWAP,BUY,0.06464,15,-21.1226,0,0,callback=0.5%
2026-07-17 03:18:57,TRAIL_SELL_PLACED,GRASS-USDT-SWAP,SELL,0.3712,27,0,0,0,reason=LOCK_PROFIT callback=0.3%
2026-07-17 03:20:47,TRAIL_BUY_PLACED,USELESS-USDT-SWAP,BUY,0.06446,15,-21.4860,0,0,callback=0.5%
2026-07-17 03:22:34,CLOSED,GRASS-USDT-SWAP,LONG,0.3749,27,0,0.2619,2.66,TP
2026-07-17 03:22:54,TPSL_PLACED,JUP-USDT-SWAP,SELL,0.1955,5,0,0,0,TP=0.1994 SL=0.1916
2026-07-17 03:25:02,TPSL_PLACED,AAVE-USDT-SWAP,SELL,91.09,0.2,0,0,0,TP=92.91 SL=89.27
2026-07-17 03:27:59,TRAIL_BUY_PLACED,TIA-USDT-SWAP,BUY,0.3852,25,-6.9116,0,0,callback=0.5%
2026-07-17 03:28:09,TRAIL_BUY_PLACED,USELESS-USDT-SWAP,BUY,0.06484,15,-18.8181,0,0,callback=0.5%
2026-07-17 03:31:44,TRAIL_BUY_PLACED,USELESS-USDT-SWAP,BUY,0.06421,15,-19.7275,0,0,callback=0.5%
2026-07-17 03:38:41,TRAIL_BUY_PLACED,TIA-USDT-SWAP,BUY,0.3821,26,-7.5266,0,0,callback=0.5%
2026-07-17 03:40:18,TRAIL_SELL_PLACED,EIGEN-USDT-SWAP,SELL,0.2303,9,0,0,0,reason=LOCK_PROFIT callback=0.3%
2026-07-17 03:42:24,TPSL_PLACED,USELESS-USDT-SWAP,SELL,0.06437,3,0,0,0,TP=0.06566 SL=0.06308
2026-07-17 03:43:52,CLOSED,EIGEN-USDT-SWAP,LONG,0.2298,9,0,0.0279,1.37,TP
2026-07-17 03:43:54,TRAIL_BUY_PLACED,EIGEN-USDT-SWAP,BUY,0.2298,43,-6.9636,0,0,callback=0.5%
2026-07-17 03:47:29,TPSL_PLACED,EIGEN-USDT-SWAP,SELL,0.231,1,0,0,0,TP=0.2356 SL=0.2264
2026-07-17 03:50:18,CLOSED,USELESS-USDT-SWAP,LONG,0.06331,0.3,0,-0.0032,-1.65,SL
2026-07-17 03:50:19,TRAIL_BUY_PLACED,USELESS-USDT-SWAP,BUY,0.06331,15,-18.3939,0,0,callback=0.5%
2026-07-17 03:57:29,TPSL_PLACED,USELESS-USDT-SWAP,SELL,0.06354,2,0,0,0,TP=0.06481 SL=0.06227
2026-07-17 04:02:45,CLOSED,GPS-USDT-SWAP,LONG,0.008787,8.5,0,-0.0138,-1.81,SL
2026-07-17 04:02:47,TRAIL_BUY_PLACED,GPS-USDT-SWAP,BUY,0.008787,113,-10.4373,0,0,callback=0.5%
2026-07-17 04:04:28,TPSL_PLACED,TIA-USDT-SWAP,SELL,0.3799,1,0,0,0,TP=0.3875 SL=0.3723
2026-07-17 04:05:48,CLOSED,BONK-USDT-SWAP,LONG,0.00000333,0.00029,0,0.0000,-2.12,SL
2026-07-17 04:05:50,TRAIL_BUY_PLACED,BONK-USDT-SWAP,BUY,0.00000333,30,-8.0110,0,0,callback=0.5%
2026-07-17 04:06:24,TPSL_PLACED,GPS-USDT-SWAP,SELL,0.008806,113,0,0,0,TP=0.008982 SL=0.00863
2026-07-17 04:08:15,TRAIL_BUY_PLACED,VANA-USDT-SWAP,BUY,1.21,82,-6.3467,0,0,callback=0.5%
2026-07-17 04:12:53,TPSL_PLACED,BLUR-USDT-SWAP,SELL,0.01571,23,0,0,0,TP=0.01602 SL=0.0154
2026-07-17 04:18:53,CLOSED,USELESS-USDT-SWAP,LONG,0.06234,0.2,0,-0.0024,-1.89,SL
2026-07-17 04:18:55,TRAIL_BUY_PLACED,USELESS-USDT-SWAP,BUY,0.06234,16,-16.8578,0,0,callback=0.5%
2026-07-17 04:22:31,TPSL_PLACED,USELESS-USDT-SWAP,SELL,0.06241,1,0,0,0,TP=0.06366 SL=0.06116
2026-07-17 04:23:00,TRAIL_SELL_PLACED,PI-USDT-SWAP,SELL,0.07777,1,0,0,0,reason=LOCK_PROFIT callback=0.3%
2026-07-17 04:26:34,CLOSED,PI-USDT-SWAP,LONG,0.078,1,0,0.0015,1.91,TP
2026-07-17 04:29:41,TRAIL_SELL_PLACED,USELESS-USDT-SWAP,SELL,0.06352,1,0,0,0,reason=LOCK_PROFIT callback=0.3%
2026-07-17 04:29:43,TPSL_PLACED,VANA-USDT-SWAP,SELL,1.205,5,0,0,0,TP=1.229 SL=1.181
2026-07-17 04:33:16,CLOSED,USELESS-USDT-SWAP,LONG,0.06304,0.1,0,0.0006,1.01,TP
2026-07-17 04:33:18,TRAIL_BUY_PLACED,USELESS-USDT-SWAP,BUY,0.06319,15,-17.1496,0,0,callback=0.5%
2026-07-17 04:37:35,TPSL_PLACED,USELESS-USDT-SWAP,SELL,0.063,1,0,0,0,TP=0.06426 SL=0.06174
2026-07-17 04:44:00,CLOSED,EIGEN-USDT-SWAP,LONG,0.2303,1,0,-0.0007,-0.30,SL
2026-07-17 04:46:18,TRAIL_SELL_PLACED,WOO-USDT-SWAP,SELL,0.01191,23,0,0,0,reason=LOCK_PROFIT callback=0.3%
2026-07-17 04:47:36,TPSL_PLACED,EIGEN-USDT-SWAP,SELL,0.231,1,0,0,0,TP=0.2356 SL=0.2264
2026-07-17 04:47:53,CLOSED,GPS-USDT-SWAP,LONG,0.008887,11.3,0,0.0092,0.92,TP
2026-07-17 04:47:55,TRAIL_BUY_PLACED,GPS-USDT-SWAP,BUY,0.008887,112,-8.5700,0,0,callback=0.5%
2026-07-17 04:49:55,CLOSED,WOO-USDT-SWAP,LONG,0.01193,2.3,0,0.0053,1.97,TP
2026-07-17 04:50:59,TPSL_PLACED,BONK-USDT-SWAP,SELL,0.000003298,30,0,0,0,TP=0.00000336 SL=0.00000323
2026-07-17 05:00:20,TPSL_PLACED,SYRUP-USDT-SWAP,SELL,0.1778,2,0,0,0,TP=0.1814 SL=0.1742
2026-07-17 05:02:19,TRAIL_BUY_PLACED,GRASS-USDT-SWAP,BUY,0.372,26,-6.0131,0,0,callback=0.5%
2026-07-17 05:05:57,CLOSED,BLUR-USDT-SWAP,LONG,0.01589,2.3,0,0.0041,1.15,TP
2026-07-17 05:09:34,TPSL_PLACED,BLUR-USDT-SWAP,SELL,0.01571,23,0,0,0,TP=0.01602 SL=0.0154
2026-07-17 05:13:46,TPSL_PLACED,GPS-USDT-SWAP,SELL,0.008892,19,0,0,0,TP=0.00907 SL=0.008714
2026-07-17 05:24:41,CLOSED,HYPE-USDT-SWAP,LONG,59.094,10,0,-1.2560,-2.08,SL
2026-07-17 05:24:43,TRAIL_BUY_PLACED,HYPE-USDT-SWAP,BUY,59.099,1,-11.4317,0,0,callback=0.5%
2026-07-17 05:26:24,CLOSED,USELESS-USDT-SWAP,LONG,0.06193,0.1,0,-0.0011,-1.70,SL
2026-07-17 05:26:26,TRAIL_BUY_PLACED,USELESS-USDT-SWAP,BUY,0.06193,16,-18.8016,0,0,callback=0.5%
2026-07-17 05:26:35,TRAIL_BUY_PLACED,WLD-USDT-SWAP,BUY,0.3793,26,-6.0906,0,0,callback=0.5%
2026-07-17 05:28:27,TRAIL_BUY_PLACED,INJ-USDT-SWAP,BUY,4.852,20,-6.0600,0,0,callback=0.5%
2026-07-17 05:28:31,CLOSED,JTO-USDT-SWAP,LONG,0.5555,17,0,-0.1700,-1.77,SL
2026-07-17 05:28:33,TRAIL_BUY_PLACED,JTO-USDT-SWAP,BUY,0.5553,18,-9.8832,0,0,callback=0.5%
2026-07-17 05:33:39,TPSL_PLACED,USELESS-USDT-SWAP,SELL,0.062034375,16,0,0,0,TP=0.06328 SL=0.06079
2026-07-17 05:35:33,TRAIL_BUY_PLACED,HYPE-USDT-SWAP,BUY,58.88,1,-11.6924,0,0,callback=0.5%
2026-07-17 05:39:09,TRAIL_BUY_PLACED,HYPE-USDT-SWAP,BUY,59.147,1,-11.5308,0,0,callback=0.5%
2026-07-17 16:47:05,TRAIL_BUY_PLACED,NEAR-USDT-SWAP,BUY,1.924,0.5,-6.3291,0,0,callback=0.5%
2026-07-17 16:47:47,TRAIL_BUY_PLACED,BONK-USDT-SWAP,BUY,0.000003193,31,-8.5362,0,0,callback=0.5%
2026-07-17 16:55:34,TRAIL_BUY_PLACED,PYTH-USDT-SWAP,BUY,0.04894,20,-5.0446,0,0,callback=0.5%
2026-07-17 17:02:14,TPSL_PLACED,PYTH-USDT-SWAP,SELL,0.04883,20,0,0,0,TP=0.04981 SL=0.04395
2026-07-17 17:07:26,TPSL_PLACED,NEAR-USDT-SWAP,SELL,1.933,0.5,0,0,0,TP=1.972 SL=1.74
2026-07-17 17:57:45,TRAIL_BUY_PLACED,TIA-USDT-SWAP,BUY,0.3835,26,-5.0272,0,0,callback=0.5%
2026-07-17 18:12:08,TPSL_PLACED,TIA-USDT-SWAP,SELL,0.385,26,0,0,0,TP=0.3927 SL=0.3465
2026-07-17 19:15:10,TRAIL_BUY_PLACED,EIGEN-USDT-SWAP,BUY,0.2316,43,-5.0041,0,0,callback=0.5%
2026-07-17 19:20:58,TRAIL_BUY_PLACED,ZRO-USDT-SWAP,BUY,0.7723,12,-5.0995,0,0,callback=0.5%
2026-07-17 19:28:48,TPSL_PLACED,EIGEN-USDT-SWAP,SELL,0.2323,43,0,0,0,TP=0.2369 SL=0.2091
2026-07-17 19:28:50,TPSL_PLACED,ZRO-USDT-SWAP,SELL,0.7753,12,0,0,0,TP=0.7908 SL=0.6978
2026-07-17 23:42:23,TRAIL_SELL_PLACED,EIGEN-USDT-SWAP,SELL,0.236,43,0,0,0,reason=LOCK_PROFIT callback=0.3%
2026-07-17 23:46:49,CLOSED,EIGEN-USDT-SWAP,LONG,0.2352,43,0,0.1247,1.25,TP
2026-07-17 23:46:51,TRAIL_BUY_PLACED,EIGEN-USDT-SWAP,BUY,0.2352,42,-5.0464,0,0,callback=0.5%
2026-07-18 00:00:12,TPSL_PLACED,EIGEN-USDT-SWAP,SELL,0.2356,42,0,0,0,TP=0.2403 SL=0.212
2026-07-18 00:39:31,TRAIL_SELL_PLACED,PYTH-USDT-SWAP,SELL,0.04963,20,0,0,0,reason=LOCK_PROFIT callback=0.3%
2026-07-18 00:40:43,CLOSED,PYTH-USDT-SWAP,LONG,0.04975,20,0,0.1840,1.88,TP
2026-07-18 00:46:36,TPSL_PLACED,MORPHO-USDT-SWAP,SELL,1.9583,5,0,0,0,TP=1.9975 SL=1.7625
2026-07-18 01:52:55,TRAIL_SELL_PLACED,EIGEN-USDT-SWAP,SELL,0.2395,42,0,0,0,reason=LOCK_PROFIT callback=0.3%
2026-07-18 01:59:36,CLOSED,EIGEN-USDT-SWAP,LONG,0.2384,42,0,0.1176,1.19,TP
2026-07-18 02:31:58,CLOSED,ZRO-USDT-SWAP,LONG,0.7967,12,0,0.2568,2.76,TP
2026-07-18 03:35:42,TRAIL_SELL_PLACED,MORPHO-USDT-SWAP,SELL,1.9886,5,0,0,0,reason=LOCK_PROFIT callback=0.3%
2026-07-18 03:38:03,CLOSED,MORPHO-USDT-SWAP,LONG,1.9841,5,0,0.1290,1.32,TP
2026-07-18 06:15:13,TPSL_PLACED,NEAR-USDT-SWAP,SELL,1.933,0.5,0,0,0,TP=1.972 SL=1.74
2026-07-18 08:54:52,TRAIL_BUY_PLACED,DYDX-USDT-SWAP,BUY,0.12139,82,-5.0008,0,0,callback=0.5%
2026-07-18 09:15:48,TRAIL_BUY_PLACED,ONDO-USDT-SWAP,BUY,0.351,2,-5.0068,0,0,callback=0.5%
2026-07-18 09:17:53,TPSL_PLACED,ONDO-USDT-SWAP,SELL,0.3487,2,0,0,0,TP=0.3557 SL=0.3138
2026-07-18 09:35:43,TPSL_PLACED,DYDX-USDT-SWAP,SELL,0.12083,82,0,0,0,TP=0.12325 SL=0.10875
2026-07-18 11:46:21,TRAIL_BUY_PLACED,LDO-USDT-SWAP,BUY,0.3598,27,-5.0158,0,0,callback=0.5%
2026-07-18 12:07:14,TPSL_PLACED,LDO-USDT-SWAP,SELL,0.362,27,0,0,0,TP=0.3692 SL=0.3258
2026-07-18 12:26:58,TRAIL_BUY_PLACED,WLD-USDT-SWAP,BUY,0.359,27,-5.7743,0,0,callback=0.5%
2026-07-18 12:28:10,TPSL_PLACED,WLD-USDT-SWAP,SELL,0.3588,27,0,0,0,TP=0.366 SL=0.3229
2026-07-18 12:34:06,CLOSED,WLD-USDT-SWAP,LONG,0.3657,27,0,0.1863,1.92,TP
2026-07-18 16:44:37,TRAIL_BUY_PLACED,EIGEN-USDT-SWAP,BUY,0.2226,44,-5.1555,0,0,callback=0.5%
2026-07-18 16:52:56,TPSL_PLACED,EIGEN-USDT-SWAP,SELL,0.2237,44,0,0,0,TP=0.2282 SL=0.2024
2026-07-18 18:05:01,TRAIL_BUY_PLACED,GALA-USDT-SWAP,BUY,0.002044,489,-5.1068,0,0,callback=0.5%
2026-07-18 18:24:14,TPSL_PLACED,GALA-USDT-SWAP,SELL,0.002056,489,0,0,0,TP=0.002097 SL=0.001861
2026-07-18 20:22:12,TPSL_PLACED,NEAR-USDT-SWAP,SELL,1.933,0.5,0,0,0,TP=1.972 SL=1.749
